昵称,地区,性别,粉丝数,用户发布微博数量,评论
Hi语默初晴,北京,女,128,141,"大国担当<img alt=""[心]"" title=""[心]"" src=""https://face.t.sinajs.cn/t4/appstyle/expression/ext/normal/8a/2018new_xin_org.png"" />"
茉然忆星辰,其他,女,17,1599,"“相知无远近，万里尚为邻”，中国担当 意在互学互鉴、合作共赢<img alt=""[心]"" title=""[心]"" src=""https://face.t.sinajs.cn/t4/appstyle/expression/ext/normal/8a/2018new_xin_org.png"" /><img alt=""[赞啊]"" title=""[赞啊]"" src=""https://face.t.sinajs.cn/t4/appstyle/expression/ext/normal/00/lxhzan_thumb.gif"" />"
青山二叔,其他,男,14754,340,海内存知己天涯若比邻
爱吃板栗的木子,上海,女,86615,5380,"<img alt=""[good]"" title=""[good]"" src=""https://face.t.sinajs.cn/t4/appstyle/expression/ext/normal/8a/2018new_good_org.png"" /><img alt=""[good]"" title=""[good]"" src=""https://face.t.sinajs.cn/t4/appstyle/expression/ext/normal/8a/2018new_good_org.png"" /><img alt=""[good]"" title=""[good]"" src=""https://face.t.sinajs.cn/t4/appstyle/expression/ext/normal/8a/2018new_good_org.png"" />"
禹我坠星河ws,其他,女,47,621,"大国担当<img alt=""[心]"" title=""[心]"" src=""https://face.t.sinajs.cn/t4/appstyle/expression/ext/normal/8a/2018new_xin_org.png"" />"
送禹一个芋泥包i,山东,女,142,230,"大国担当<img alt=""[心]"" title=""[心]"" src=""https://face.t.sinajs.cn/t4/appstyle/expression/ext/normal/8a/2018new_xin_org.png"" />"
安安Miraitowa,其他,女,427,2866,关注
家贤世钓一,其他,女,11742,3358,"<img alt=""[赞]"" title=""[赞]"" src=""https://face.t.sinajs.cn/t4/appstyle/expression/ext/normal/e6/2018new_zan_org.png"" /><img alt=""[赞]"" title=""[赞]"" src=""https://face.t.sinajs.cn/t4/appstyle/expression/ext/normal/e6/2018new_zan_org.png"" />"
傲娇璐wll,吉林 长春,女,66,414,关注
小赖-马上被曾舜晞翻牌版,广西,女,11681,5804,大国担当
在宇宙遛弯的秦菜,山东 青岛,女,1624,1083,关注！
坚硬面包超人,四川,女,76,736,"<img alt=""[心]"" title=""[心]"" src=""https://face.t.sinajs.cn/t4/appstyle/expression/ext/normal/8a/2018new_xin_org.png"" /><img alt=""[心]"" title=""[心]"" src=""https://face.t.sinajs.cn/t4/appstyle/expression/ext/normal/8a/2018new_xin_org.png"" />"
青柠檬的繁花,河南,女,212,74,"<img alt=""[打call]"" title=""[打call]"" src=""https://face.t.sinajs.cn/t4/appstyle/expression/ext/normal/39/moren_dacall02_org.png"" />"
向禄临玛Clover,其他,女,63,1107,关注
小羊发大财pcy,广东 广州,女,17,19,"<img alt=""[加油]"" title=""[加油]"" src=""https://face.t.sinajs.cn/t4/appstyle/expression/ext/normal/9f/2018new_jiayou_org.png"" /><img alt=""[加油]"" title=""[加油]"" src=""https://face.t.sinajs.cn/t4/appstyle/expression/ext/normal/9f/2018new_jiayou_org.png"" /><img alt=""[加油]"" title=""[加油]"" src=""https://face.t.sinajs.cn/t4/appstyle/expression/ext/normal/9f/2018new_jiayou_org.png"" />"
雨后青蛙酱,浙江,女,1391,5626,"<img alt=""[good]"" title=""[good]"" src=""https://face.t.sinajs.cn/t4/appstyle/expression/ext/normal/8a/2018new_good_org.png"" />"
unwaryscollap,重庆 沙坪坝区,女,8,202,厉害
咩羊航航,其他,女,1,1383,厉害
彬彬有理-白磷型,其他,女,8,126,大国担当
汤圆啊1,其他,女,24,83,厉害
清纯小松果在聊天,其他,女,13,18,"<img alt=""[打call]"" title=""[打call]"" src=""https://face.t.sinajs.cn/t4/appstyle/expression/ext/normal/39/moren_dacall02_org.png"" /><img alt=""[打call]"" title=""[打call]"" src=""https://face.t.sinajs.cn/t4/appstyle/expression/ext/normal/39/moren_dacall02_org.png"" /><img alt=""[打call]"" title=""[打call]"" src=""https://face.t.sinajs.cn/t4/appstyle/expression/ext/normal/39/moren_dacall02_org.png"" />"
蔓越莓1005-不牵手,青海,女,3567,110840,"晚安，娄底禁毒战士，守护城市的平安梦。<img alt=""[心]"" title=""[心]"" src=""https://face.t.sinajs.cn/t4/appstyle/expression/ext/normal/8a/2018new_xin_org.png"" />"
健康杭州,浙江,男,26988,27649,"<a href=""//s.weibo.com/weibo?q=%23%E6%9D%AD%E5%B0%8F%E5%BA%B7%E4%BA%91%E8%A7%A3%E5%8E%8B%23"" target=""_blank"">#杭小康云解压#</a> 晚安<img alt=""[月亮]"" title=""[月亮]"" src=""https://face.t.sinajs.cn/t4/appstyle/expression/ext/normal/d5/2018new_yueliang_org.png"" /><a href=""//s.weibo.com/weibo?q=%23%E5%81%A5%E5%BA%B7%E6%9D%AD%E5%B7%9E%23"" target=""_blank"">#健康杭州#</a> <a target=""_blank"" href=""https://weibo.com/5058527023/5115910320296722""><img class=""icon-link"" title=""http://t.cn/A6ubD9re"" src=""https://h5.sinaimg.cn/upload/2015/09/25/3/timeline_card_small_weibo_default.png""/>微博正文</a>"
蜜蜂樂儿199406,广西 北海,女,20830,4764,晚安
国超家的西西,海外 其他,女,2524,5886,晚安好梦
深凌小熊,台湾,女,22157,2734,"<a href=/n/娄底禁毒 usercard=""name=@娄底禁毒"">@娄底禁毒</a>"
深凌小熊,台湾,女,22157,2734,"晚安<img alt=""[月亮]"" title=""[月亮]"" src=""https://face.t.sinajs.cn/t4/appstyle/expression/ext/normal/d5/2018new_yueliang_org.png"" />"
Ourjay_宣联0411,浙江,女,15123,23984,晚安
咸花熊,黑龙江,女,60250,5664,"晚安<img alt=""[心]"" title=""[心]"" src=""https://face.t.sinajs.cn/t4/appstyle/expression/ext/normal/8a/2018new_xin_org.png"" />"
沐心儿-尽善尽美,河北,女,2037,15352,晚安
随意生活689,其他,女,231,3360,"娄娄晚安，好梦<img alt=""[月亮]"" title=""[月亮]"" src=""https://face.t.sinajs.cn/t4/appstyle/expression/ext/normal/d5/2018new_yueliang_org.png"" />"
璨若星河_85,山东 德州,女,704,4351,"晚安<img alt=""[月亮]"" title=""[月亮]"" src=""https://face.t.sinajs.cn/t4/appstyle/expression/ext/normal/d5/2018new_yueliang_org.png"" /><img alt=""[月亮]"" title=""[月亮]"" src=""https://face.t.sinajs.cn/t4/appstyle/expression/ext/normal/d5/2018new_yueliang_org.png"" /><img alt=""[心]"" title=""[心]"" src=""https://face.t.sinajs.cn/t4/appstyle/expression/ext/normal/8a/2018new_xin_org.png"" />"
傅诗淇的窦心房,福建,女,1350,2049,晚安
画个圈圈保护你0108,其他,女,10234,4935,晚安😴
非正常星人_冬日饺子,其他,女,9405,27571,"晚安<img alt=""[抱抱]"" title=""[抱抱]"" src=""https://face.t.sinajs.cn/t4/appstyle/expression/ext/normal/42/2018new_baobao_org.png"" /><img alt=""[抱抱]"" title=""[抱抱]"" src=""https://face.t.sinajs.cn/t4/appstyle/expression/ext/normal/42/2018new_baobao_org.png"" />"
薄巧兔兔圓,浙江,女,3764,2469,晚安呀
三分苦_七分甜,广东,女,845,4810,晚安💤
mx琳紫,湖北,女,13587,6316,"晚安好梦<img alt=""[送花花]"" title=""[送花花]"" src=""https://face.t.sinajs.cn/t4/appstyle/expression/ext/normal/cb/2022_Flowers_org.png"" />"
悬崖上的金鱼20041028,上海,女,170,3592,"晚安好梦<img alt=""[月亮]"" title=""[月亮]"" src=""https://face.t.sinajs.cn/t4/appstyle/expression/ext/normal/d5/2018new_yueliang_org.png"" />"
小飞蠓,广西 南宁,女,2004,1217,"晚安<img alt=""[月亮]"" title=""[月亮]"" src=""https://face.t.sinajs.cn/t4/appstyle/expression/ext/normal/d5/2018new_yueliang_org.png"" /><img alt=""[鲜花]"" title=""[鲜花]"" src=""https://face.t.sinajs.cn/t4/appstyle/expression/ext/normal/d4/2018new_xianhua_org.png"" />"
xiao兔兔-xz,江苏,女,1603,17530,晚安
永远赤诚勇敢,其他,女,2491,7287,晚安
波德莱尔小姐的珍玩,其他,女,984,242,"晚安<img alt=""[可爱]"" title=""[可爱]"" src=""https://face.t.sinajs.cn/t4/appstyle/expression/ext/normal/09/2018new_keai_org.png"" />"
山风岚-_-_,广东,女,1733,838,"晚安<img alt=""[比耶]"" title=""[比耶]"" src=""https://face.t.sinajs.cn/t4/appstyle/expression/ext/normal/dc/2023_yeahyeah_org.png"" />"
Allen411_丹,其他,女,3461,7156,"娄底，晚安，好梦……<img alt=""[憧憬]"" title=""[憧憬]"" src=""https://face.t.sinajs.cn/t4/appstyle/expression/ext/normal/c9/2018new_chongjing_org.png"" /><img alt=""[憧憬]"" title=""[憧憬]"" src=""https://face.t.sinajs.cn/t4/appstyle/expression/ext/normal/c9/2018new_chongjing_org.png"" /><img alt=""[憧憬]"" title=""[憧憬]"" src=""https://face.t.sinajs.cn/t4/appstyle/expression/ext/normal/c9/2018new_chongjing_org.png"" />"
人魚眼釘,陕西,女,1406,1590,晚安
蓝宝如此热爱蓝朋友吖119,河北,男,3416,28304,"晚安<img alt=""[相爱]"" title=""[相爱]"" src=""https://face.t.sinajs.cn/t4/appstyle/expression/ext/normal/63/2023_fallinlove_org.png"" />"
凛冬泯灭,山东,女,3793,2203,"<a href=/n/小念礼記 usercard=""name=@小念礼記"">@小念礼記</a>"
凛冬泯灭,山东,女,3793,2203,好梦🌙
凛冬泯灭,山东,女,3793,2203,晚安
日落时速,其他,男,8273,1787,晚安
企鵝小桃心,香港,女,21,17795,"晚安啦<img alt=""[月亮]"" title=""[月亮]"" src=""https://face.t.sinajs.cn/t4/appstyle/expression/ext/normal/d5/2018new_yueliang_org.png"" />"
1006唇下痣的兔子,山东 淄博,女,1576,29187,晚安
Epiphan_,其他,女,148,3098,晚安🌙
最后一抹念想,江苏 南通,女,58,3521,"晚安<img alt=""[心]"" title=""[心]"" src=""https://face.t.sinajs.cn/t4/appstyle/expression/ext/normal/8a/2018new_xin_org.png"" />"
丁白免奶糖,其他,女,56,19201,晚安😴
正能量女王简单,浙江 丽水,女,1212,8704,晚安💤
小苏奶盖气泡茶-,其他,女,31913,22444,好梦
Ebin入福来,吉林,女,1490,8959,晚安
落昭月,浙江,女,1520,2291,晚安😴💤
破境重园,其他,女,428,47,"晚安<img alt=""[哈哈]"" title=""[哈哈]"" src=""https://face.t.sinajs.cn/t4/appstyle/expression/ext/normal/8f/2018new_haha_org.png"" />"
成都气象,四川 成都,男,727332,54982,"晚安咯<a target=""_blank"" href=""https://weibo.com/2998934450/P6G2Yr7c7?pagetype=profilefeed""><img class=""icon-link"" title=""http://t.cn/A6ubsLYL"" src=""https://h5.sinaimg.cn/upload/2015/09/25/3/timeline_card_small_weibo_default.png""/>微博正文</a>"
请多多爱小猪,其他,女,3376,7930,晚上好
抱走一只阿溯呀,其他,女,8,42,晚安
有钱兔兔战DAYTOY,贵州,女,856,2607,晚安💤
茗茗就_STARDUST,湖北 黄冈,女,10,728,晚安
檀是上上签,广西,女,14024,2961,晚安
兔牙兔兔呗,其他,女,786,35516,晚安💤
无棣县融媒体中心,山东 滨州,男,9553,19435,"幸福快乐！ <a target=""_blank"" href=""https://weibo.com/7205915083/P6F84a55k""><img class=""icon-link"" title=""http://t.cn/A6ubBVW2"" src=""https://h5.sinaimg.cn/upload/2015/09/25/3/timeline_card_small_weibo_default.png""/>微博正文</a>"
每天总是睡不够_,山东,男,1,1361,晚安
好可爱的兔兔啊,山东,女,621,51800,"晚安<img alt=""[心]"" title=""[心]"" src=""https://face.t.sinajs.cn/t4/appstyle/expression/ext/normal/8a/2018new_xin_org.png"" />"
小念礼記,其他,女,1921,3610,晚安呀
2024一定也会幸福鸭,海外 法国,女,1125,2899,晚安
周旭暖911,河北 秦皇岛,女,79,10009,"<img alt=""[微笑]"" title=""[微笑]"" src=""https://face.t.sinajs.cn/t4/appstyle/expression/ext/normal/e3/2018new_weixioa02_org.png"" /><img alt=""[微笑]"" title=""[微笑]"" src=""https://face.t.sinajs.cn/t4/appstyle/expression/ext/normal/e3/2018new_weixioa02_org.png"" />"
三年二班00N,其他,女,617,289,晚上好
布殊yu,其他,女,567,8255,晚安
浔阳江口,北京 朝阳区,女,308,1757,晚上好！
Shelley·Y20328,其他,女,8,2237,晚安
是悠然自得的,北京,男,2,5986,晚安😴
小玉小丸纸-_-,其他,女,34,192,晚安
二为姑姑,北京,女,15,2532,"晚安<img alt=""[心]"" title=""[心]"" src=""https://face.t.sinajs.cn/t4/appstyle/expression/ext/normal/8a/2018new_xin_org.png"" /><img alt=""[心]"" title=""[心]"" src=""https://face.t.sinajs.cn/t4/appstyle/expression/ext/normal/8a/2018new_xin_org.png"" /><img alt=""[心]"" title=""[心]"" src=""https://face.t.sinajs.cn/t4/appstyle/expression/ext/normal/8a/2018new_xin_org.png"" />"
苏苏的战战,其他,男,21,12436,晚上好
淇_毅满满,安徽 蚌埠,女,107,1284,"晚上好<img alt=""[心]"" title=""[心]"" src=""https://face.t.sinajs.cn/t4/appstyle/expression/ext/normal/8a/2018new_xin_org.png"" />"
蛋黄还不错,其他,女,260,237,晚安
兮哩兮里,福建 福州,女,10,27,晚安
屁屁鹅,安徽,女,9,1093,晚安💤
一只可爱的兔子宇,其他,女,1,789,晚安
用户7033894282,安徽 合肥,女,9,5544,"晚上好<img alt=""[给你小心心]"" title=""[给你小心心]"" src=""https://face.t.sinajs.cn/t4/appstyle/expression/ext/normal/ca/qixi2018_xiaoxinxin_org.png"" />"
用户7885658175,其他,男,4,6447,"晚上好<img alt=""[心]"" title=""[心]"" src=""https://face.t.sinajs.cn/t4/appstyle/expression/ext/normal/8a/2018new_xin_org.png"" />"
无人知道的侠人,河南 新乡,男,93,14581,晚上好
用户7945145746,其他,女,7,4744,晚安
淇_毅manman,其他,女,106,1069,"晚上好<img alt=""[哇]"" title=""[哇]"" src=""https://face.t.sinajs.cn/t4/appstyle/expression/ext/normal/3d/2022_wow_org.png"" />"
用户7777162869,其他,女,11,22865,晚安
