Title,Body,Time
三部门共同绘制国家数据基础设施建设图景, 【简介】国家发展改革委、国家数据局、工业和信息化部近日联合印发《国家数据基础设施建设指引》，文件描绘了“汇通海量数据、惠及千行百业、慧见数字未来”的美好愿景。 记者：蒋志强 新华社国内部出品,"2025-01-07 09:01:57
   "
微视频｜2024·科技创新“年鉴”, 科技是国家强盛之基，创新是民族进步之魂。 这一年，中国不断刷新科技创新的“成绩单”，持续为高质量发展注入强大的科技动能。 科技兴则民族兴，科技强则国家强。 新动能集聚，新业态涌现，新产业壮大，以科技创新支撑引领的新质生产力在我国加快形成。 策划：孙志平、樊华 统筹：杨咏、李畅 编导：欧阳建嘉 综合新华社记者报道 新华社音视频部制作 新华通讯社出品,"2024-12-25 08:49:12
   "
“智”链未来 物流业一路向“新”, 2024年9月，丰舟90型无人机正在深圳市执行跨城物流配送任务。受访者供图 天上飞的脐橙，货物上的“电子身份证”，越来越多的新能源充电桩……这些我们身边悄然发生的变化，背后是新质生产力在物流行业的快速发展。 脐橙也能“飞”起来，这是临近春节时重庆奉节的一道低空景观。在山形陡峭的种植地，脐橙被采摘进竹筐，而后由无人机吊运飞赴山下的接驳点，这一过程比人力扛运的速度快9倍，彻底解放了种植户的“肩头”，也降低了损耗率。 仅凭一架无人机就能解决每日5吨左右的脐橙运量，让这些脐橙得以迅速发往四川、北京、广东等地，最终成为千万家庭餐桌上的“鲜”年货。有速度、有质量的服务背后，是科技发展对物流行业的赋能。 近年来，我国持续推进现代物流的发展并取得了许多成效。据国家邮政局消息，2024年我国快递业务量达到1745亿件、快递业务收入1.4万亿元，同比分别增长21%、13%。但数量规模的提升中，也存在着降本增效仍需深化、运输结构仍需优化、物流体系集约化程度不高等问题。 对此，物流行业正在通过创新技术引入、创新装备使用等手段不断推进行业升级、服务提质。其中，智能物联、低空运输、新能源运输等是当下支持物流产业集约化、绿色化发展的强劲动能，也为消费者的日常生活提供了诸多便利。与此同时，物流行业也正在积极打破壁垒，链接上下游，在更开放的平台培育新质生产力。  在西藏林芝的农产品前置智能仓内，AGV机器人正承托着货架顺着固定路径运行。受访者供图 服务高效，科技降本 在深圳市，越来越多的货物通过无人机飞越低空送到人们的手中。一些小规模的医院要将血液样本送到检测中心，此前往往需要通过车辆在固定班次进行往返运输，有时货箱中只运一小箱样本，路程一个多小时，还面临堵车风险，非常浪费时间、人力以及货车空间等资源。 “用无人机来运输血液样本，原本60分钟的往返车程，现在只需要13分钟就能飞到，1小时一趟，紧急情况3分钟内起飞，解决了陆路运输的痛点，也减少了患者等待检测结果的时间成本。”顺丰丰翼无人机工业设计师邹鹏向记者介绍了公司与深圳市某医院开展合作的案例。 “我们自主研发的无人机具备从0.5kg到50kg，10km到130km的运输能力。”邹鹏说，无人机运输的优势在于多种机型可以覆盖各类场景和需求，不受地面道路情况的影响，新能源驱动也能极大减少碳排放和空气污染，“无人机的运输全流程对周边环境的要求不高，起降只需要在一小块空地就能完成”。 与此同时，无人机还能与其他运输方式组合联运。“一单从深圳发往北京的快递，可以先通过无人机把货物运到深圳机场，再装入大货机运往北京。反之亦然，这样就能加速末端运输环节。”邹鹏说，目前顺丰丰翼低空物流服务已经推广至江西、浙江、江苏等省份。 顺丰丰翼无人机品牌经理苏丽艳介绍，截至2024年10月，丰翼无人机累计在全国开通500余条航线，飞行超100万架次，运输货物超520万件，“未来，我们希望以深圳为中心，进一步覆盖粤港澳大湾区，打造两小时无人机绿色物流圈”。 低空空域开发不仅直接推动了低空经济规模的不断扩大，也让多式联运体系不断完善，从而提升运行效率，也减少了单一运输造成的资源浪费，一定程度上推动了全社会物流降本。 “目前，物流产业通过传统的管理、制度等手段实现降本的空间已经比较有限。”中国物流与采购联合会港航供应链分会秘书长杨达卿表示，当下物流业新质生产力发展的具体方向，是以数字化、智能化的新技术、新装备应用为主，且已经在仓储、运输等供应链服务各个环节渗透，一些仓库、分拣中心等封闭场景正在向自动化、无人化发展。 春节前夕，滋补养生产品、特色食品的销量上升，在西藏自治区拉萨市的自治区级公共物流仓储配送中心内，100多辆AGV（自动导向车）机器人沿着地面上的二维码引导路径，载着不同的货架往来穿梭。西藏平均海拔高、氧气稀薄，之前在这样的环境下，物流仓储的人力分拣工作常面对许多压力，于是2021年，京东物流将这些最高承重500千克的“大力士”引入了这里。 京东物流的相关负责人向记者介绍，这些机器人能够在高海拔稳定运行，工作人员无须亲自走动，只需通过发送指令，等待机器人将载有货物的货架搬运至固定工作站，即可开展后续操作。以往的“人找货”变为“货找人”，大大缩短了拣选时间，效率相比以往纯人工拣货提升了3倍以上。 智能化的应用，不仅方便了这里的物流工作者，也正在打通西藏地区农产品进城的“最初一公里”。2023年，西藏首个农产品前置智能仓在林芝市建成，仓内使用智能仓储管理系统来代替传统的人工拣货、手工记账，全数字化的进销存管理系统在避免错漏的同时，也提升了仓储管理的效率。 “商贸企业在这里入驻之后，可以直接去一线向当地的合作社、农户收购农特产品，加工后通过前置智能仓统一管理，并销往全国各地。”京东物流的相关负责人表示，目前林芝前置仓每月销售额近1000万元，拓宽了白肉灵芝、藏黄芪、藏红花、山楂干、核桃等农特产品的上行销售渠道，带动了农民增收。 目前，京东物流已在西藏建成一个自治区级和两个地市级公共物流仓储中心、一个农产品前置智能仓、12个自营京东快递站点，让“当日达”“次日达”也逐渐走进了西藏当地百姓的生活。 快递物流专家、贯铄资本CEO赵小敏告诉记者，数智化技术在物流行业的应用，是为了促进流程缩减，降低成本，“帮助企业运营效率更高，信息处理更集中，决策更高效精准，从而更好地服务消费者”。  西藏拉萨的自治区级公共物流仓储配送中心内，AGV机器人排列在货架前。受访者供图 降碳减排，效“绿”升级 在中国移动通信集团河北有限公司建设的区域仓储中心，每一件货物都有“电子身份证”。 在入仓之前，货物会被贴上电子“身份”标签，入仓后，货物就能被组网覆盖的节点设备识别，无论它们停留在哪个货架，位置信息都会同步上传。现场工作的叉车师傅，不需要额外记录货物的品类和存放位置，只需要用货物填满货架上的空位。 “‘点货’这一传统的库存统计手段在这里已经被取代了。”程叶是河北移动（保定）物流中心的负责人，该物流中心是中国移动通信集团河北有限公司建设的区域仓储中心，主要为全省5G等通信工程建设提供物资保障，例如基站设备、传输设备、天线等，雄安新区等5G基站建设所需设备均来自此仓储中心。 不同类型、不同供应商、不同入库时间的物资，要如何高效、快速地确认它的位置、进行精准盘点，这曾经是仓库现场管理员在盘货时发愁的问题。中国移动河北公司、研究院基于现实需求，着力研发了5G-A（5G-Advanced）无源物联网技术，并率先落地在河北保定物流中心，大幅提升了出入库、盘点等一线操作效率。 据了解，这项技术与传统的5G物联网不同，是基于5G网络在功能和覆盖上的演进和增强。中国移动研究院物联网所技术研发专家于泽洋是这套无源物联网技术的研发人员之一，她介绍，相较于国内大部分的智慧仓储技术，5G-A无源物联网技术通过对算法和架构设计进行创新，突破了“点对点识别”的局限性，具有低功耗、易部署、免维护的特点。 在功耗方面，5G-A无源物联网技术用“无源”电子标签代替了“有源”电子标签。“‘无源’指的是物联网终端不需要电池电源，只依靠吸收射频能量进行工作，不仅能耗更低，也不存在更换电池等冗杂的维护工作。”于泽洋说。 程叶也表示，目前，应用该项技术的3000平方米储存区域，已全面实现了自动入库、定位、盘点和出库，货品盘点已实现“黑灯”操作，每年节省400万元至500万元的运营成本。 “相较于以前的人工操作，这项技术使出入库效率提升数十倍、日常盘点效率提升数百倍，曾经3-4个人用两天才能核算清楚的货量，如今自动化、无人化的操作已将其降至分钟级。”于泽洋说，“解决痛点是职责所在，我们希望这项技术能为千行百业的数智化赋能。” 2024年5月，中国移动河北公司、研究院正式向市场发布了5G-A无源物联技术，目前已与中国石化、国家电网等诸多单位达成合作。未来，这项技术计划向全国各行业推广，助力打通供应链上下游，从货品生产、运输、仓储、使用等全流程，让每一件物资都有“电子身份证”，每一步操作都可快速溯源，助力产业链、供应链安全韧性提升。 技术的发展和绿色化早已不可分割。中国物流与采购联合会发布的《中国绿色物流发展报告（2023）》中也提及，2023年我国物流业碳排放占全国碳排放总量的9%左右，其中货物运输和配送环节是物流业碳排放的主要来源，占比高达85%。面对这一现状，许多新能源运输工具投入物流市场的积极尝试，正在展现物流绿色化的潜力。 42岁的货拉拉司机桂宝林在2021年以前一直开手动挡的油车，两只脚都需要用力，一天下来经常手麻脚疼。换成新能源货车之后，桂宝林最直观的感受是上路更轻松，钱包也更鼓了，“用新能源车跑200公里比油车能省下100元”。他还表示，随着现在充电桩分布越来越密集，此前担心的新能源车充电难的问题也迎刃而解。 记者了解到，货拉拉作为同城货运领域的互联网货运平台，正在以新能源物流车为载体，面向广大司机群体，开展陆路运输绿色化改造。货拉拉相关负责人透露，2023年10月至2024年10月，货拉拉平台上40%的订单由新能源货车完成，行驶里程达74亿公里，相比用油车运输减碳142万吨。 据了解，截至2024年10月，货拉拉在全国范围内合作新能源电站8.6万座，共计94万个新能源充电桩，近一年充电量超9亿千瓦时。 从全国来看，截至目前，我国充电基础设施累计建成超过1200万台，95%以上的高速公路服务区具备充电能力，这为更多新能源车辆的投用提供了保障。 港口作为陆水交接枢纽，也正在加快绿色转型。交通运输部副部长李扬在接受媒体采访时透露，我国11个国际枢纽海港港内集卡清洁能源使用率占比超过60%，沿海主要港口煤炭、矿石等大宗散货绿色疏运比例超过85%，“这对港口以及周边城市的空气质量净化起到了显著作用”。此外，上海港、大连港、宁波舟山港也正在积极提升绿色甲醇、生物燃油等船用绿色燃料的加注能力。 “数字化、智能化和绿色化将成为未来物流行业的三大主旋律。”2024年12月，在广州举办的第27届中国供应链技术与管理发展高级研讨会上，中国仓储与配送协会原会长沈绍基指出，物流行业需要加快推进数字技术的融合与应用，从而提升效率与透明度。 不过，物流企业的转型升级，并不是“为了技术而做技术”。在赵小敏看来，在数智化、绿色化浪潮中，物流行业的未来发展需要依托技术发展和国家政策来提升行业集中度，最终获得客户和消费者的认可。 2024年12月，首家数据科技央企——中国数联物流信息有限公司成立，由国务院国资委直接管理，将深度挖掘公路、铁路、航空等数据资源，服务于实体经济发展，助力全社会物流降本。 值得注意的是，这并非第一家由国务院国资委直接管理的物流类央企。2021年，中国物流集团有限公司也经国务院批准组建，致力于建设全国性综合物流数据平台，推进传统物流业务数字化、智能化改造和跨界融合，助力提高我国产业链、供应链的稳定性和竞争力。 由此可见，此类物流央企的成立，正尝试在全国统一的“大市场”背景下解决物流行业资源重叠、企业间存在合作壁垒等痛点。交通运输部运输服务司副司长王绣春也指出，未来需要加快培育新型物流集成商，支持交通物流企业与制造业链主企业、货主企业和电商平台创新供应链协同发展新模式，促进供应链上下游、物流各个环节、各种运输方式之间资源高效整合、要素共享共用，切实增强物流供应链韧性和竞争力。,"2025-02-11 09:41:08
   "
新华视点丨人形机器人“加速跑” 何时能进入日常生活？,在央视乙巳蛇年春晚的舞台上，一组人形机器人和舞者合作完成的舞蹈引起了观众的极大兴趣和热议。 2月5日，新春开工首日，湖北10个型号的“楚才”系列人形机器人在武汉市洪山礼堂前集中亮相。当天，湖北省委省政府召开“新春第一会”，机器人还现场作了一副贺联，上联是“智领荆楚春潮涌 人机共绘新画卷”，下联是“势起中部气象宏 山河同谱振兴篇”，横批为“智启新篇”。 尽管不少人还感到陌生，但越来越“聪明”的人形机器人正加速从科幻奔向现实。 从商用服务到智能制造，从陪伴老人到理货看店……人形机器人制造在“加速跑”，何时能走进寻常百姓生活？ 人形机器人火了 在央视春晚演出的人形机器人来自杭州宇树科技有限公司。该款人形机器人2023年首次在北京世界机器人大会“露脸”，在工程师的调教下学会了跑、跳甚至后空翻等高难度动作，终于在今年登上了春晚舞台。 人形机器人又称类人机器人、仿生机器人等，通常具有头部、躯干、双臂双腿等，在结构和功能上尽可能接近人类，具备一定的运动能力和感知能力。 如今，人形机器人正成为新的“风口”。 今年北京市将举办世界人形机器人“一会一赛”，“一会”是指世界人形机器人运动会，“一赛”是指机器人半程马拉松比赛。 在资本市场上，随着市场对人形机器人关注度的提升，今年以来，人形机器人概念走出一波强势行情，不少市场人士表达了对未来人形机器人行业的看好。 与此同时，不少全球科技巨头在人形机器人领域加大投入。特斯拉首席执行官埃隆·马斯克表示，特斯拉计划今年生产数千台人形机器人。 据深圳新战略传媒有限公司产研所的不完全统计，截至2024年6月，全球人形机器人本体制造企业已超160家，其中中国企业超过60家，是全球人形机器人本体制造企业数量最多的国家。 据国际机器人协会预测，2021年到2030年，全球人形机器人市场规模年复合增长率将高达71%。中国电子学会预测，到2030年，中国的人形机器人市场规模有望达到约8700亿元。 缘何走热？ 据了解，目前，市场上主流的人形机器人价格不菲，售价在10万元以上，高的甚至超50万元。 深圳市众擎机器人科技有限公司创始人兼市场营销负责人姚淇元说，公司推出的SE01人形机器人主打高性价比，规模化后目标售价约为2万至3万美元，以定制化工业和家庭场景为主要嵌入重心。 不少人认为，人形机器人功能有限、价格昂贵，为何相关产业布局不断加速？ 业内人士表示，人形机器人走热，跟技术发展、市场需求和政策推动等因素密不可分。 从技术方面，人工智能与机器学习的进步，使得人形机器人在环境感知和人机交互等方面能力显著增强。硬件技术的发展也推动人形机器人在运动控制等能力上得到提升。 去年在北京举办的世界机器人大会上，北京银河通用机器人有限公司旗下GALBOT G1通用人形机器人听到语音指令后，从货架上拣选商品，并精准递交到顾客手上。该款机器人有望在无人药店、商超等商业化场景中得到初步商用。 “在人形机器人技术稳定后，人能干的很多事情它都能干，想象空间很大。”乐聚（深圳）机器人技术有限公司董事长冷晓琨说。 从市场需求看，人口老龄化和劳动力短缺，使得人形机器人的应用场景得到大大拓展。 用空气炸锅炸薯条、制作沙拉汉堡、做咖啡、短暂哄娃、叠衣服……2024世界机器人大会上的这些场景，让人们看到人形机器人走入日常生活的更多可能。 优必选首席品牌官谭旻说，技术成熟后，人形机器人在缓解人口老龄化危机方面具有显著潜力，尤其是在提供日常辅助、健康监测和情感陪伴等方面。“人形机器人将成为老年人退休生活的优质伴侣。除了照顾日常饮食起居和康养管理，更重要的是在情感陪伴上充当不可或缺的角色。” 国家战略层面的重视，也成为引领我国人形机器人产业加速发展的强劲动力。 2024年1月，工信部等7部门印发的关于推动未来产业创新发展的实施意见提出，做强未来高端装备，其中人形机器人排在“创新标志性产品”专栏第一位。近年来，北京、上海、广东等多地也提出，重点培育人形机器人等未来产业。 未来趋势如何 “未来，优必选非常看好人形机器人在智能制造、商用服务和家庭领域继续落地应用。预计人形机器人将来会走进千家万户，成为每一个家庭的必需品。”谭旻说。 冷晓琨认为，人形机器人在工业领域应用最大的意义在于，企业不需要为机械化改造产线。“在走访中我们发现，工厂场景仍有大量环节依赖人工，无法用工业机器人解决。人形机器人可1:1适配现有生产线，不需要改造即可上岗。” 中泰证券发布的一份机器人行业专题报告指出，目前人形机器人已在家庭服务、商场接待、柔性制造等多领域开展试验性应用。从长期来看，仅中国的汽车制造业就有约34万台人形机器人的潜在需求。 在比亚迪汽车工厂，优必选Walker S1第一阶段实训工作已初步取得成效，效率提升了一倍，稳定性提升了30%；相关优化工作还在持续进行中，预计在今年第二季度具备规模化交付条件。 不过，在工厂环节，目前人形机器人还处于小规模试验阶段，只有少部分先进工厂开始探索在某些工作流程中使用，要实现大规模替代人还为时尚早。 业内人士预计，人形机器人更多走进产线可能在未来三到五年实现；而真正走进人们的生活，需要更高的精确度和安全性，所需要的时间会更长。 人形机器人产业链高度复杂，如何攻克技术瓶颈并合理控制成本，成为人形机器人能否量产和大规模替代人的关键。 在制造成本方面，目前每家企业的人形机器人产品呈现出高度的定制化倾向，缺乏真正通用的零部件，导致成本居高不下。 业内人士表示，无论人形机器人应用于哪些场景，首先要保证可靠性和稳定性；由于目前这方面尚未完全成熟，人形机器人更适合那些容错率较高的场合。 姚淇元建议，尽快完善人形机器人的相关标准，不断开放应用场景，让人形机器人“先应用起来”。 “相比国外，中国有着更丰富的应用场景，有助于人形机器人进行充分训练。期待政策、技术、需求共同推动人形机器人产业的发展。”冷晓琨说。 有人担心：将来人形机器人的大规模应用会否导致失业潮？受访人士认为，人形机器人在简单、重复性强的工作岗位上具有明显优势，这些岗位将来确实可能会被机器人取代。但另一方面，人形机器人行业的发展，有望带动产业链上下游发展，由此催生许多新岗位。（记者马晓澄、洪泽华）,"2025-02-11 09:11:57
   "
“中山大学极地”号科考船逐冰而行, 近日，“中山大学极地”号科考船正在渤海冰区逐冰而行。“中山大学极地”号是我国高校首艘极地破冰科考船，具备极地全海深科考能力。“中山大学极地”号在渤海冰区顺利完成船-岸海冰协同观测，首次在北半球最低纬度的海冰区，成功尝试了卫星遥感-无人机航飞-科考船联动的多学科海冰同步观测，为发展极地立体观测技术体系积累了宝贵的经验。 记者：郑天虹、杨淑馨 新华社音视频部制作,"2025-02-11 09:06:56
   "
国产雪具“轻”装上阵服务亚冬会,2月10日，亚布力滑雪场，中国队在第九届亚冬会自由式滑雪空中技巧混合团体决赛中获得金牌。自亚冬会开幕以来，亚布力滑雪场迎来高山滑雪、越野滑雪、自由式滑雪等项目的激烈角逐。 雪道上，除了参赛运动员，为赛事默默奉献的裁判员、医疗队员和志愿者们备受关注。他们脚下的双板雪板是中国冰雪装备制造企业首次为国际赛事提供的核心雪具，成功打破滑雪器材行业国际品牌的垄断局面，彰显了中国冰雪装备产业的强大实力。 “我们有两款创新冰雪运动装备与亚冬会组委会签约，涵盖双板、碳纤维滑雪头盔等类型。”冰雪欢腾体育装备科技（哈尔滨）有限公司（以下简称“冰雪欢腾”）总经理胡照会介绍。这些装备为何会脱颖而出，答案在于科技创新带来的“弯道超车”。 双重创新，让滑雪体验更加轻盈 体验过冰雪欢腾产品的人常被其轻盈的特性折服。以L尺码的碳纤维滑雪头盔为例，国际品牌头盔的重量普遍为550—700克，而冰雪欢腾的头盔却仅有420克。这看似微不足道的减重，却能为运动员和滑雪爱好者带来更加轻盈自由的滑雪体验，这种“轻”源于材料和设计的双重创新。 胡照会介绍，多年来，公司依托中国工程院院士、哈尔滨工业大学教授赫晓东团队，致力于研发高端冰雪装备，打破国外垄断局面。团队在国内首次将碳纤维科技、高弹纤维科技、钛合金技术等航空航天新材料与技术融入滑雪器材中。 “这种材质不但更轻，而且性能稳定，可设计性强。”胡照会说。基于这种特殊材料，团队有了更多大胆的设计。经过上万次的试验和迭代升级，他们成功运用航空高弹复合芯材，结合航空机翼技术，让冰雪装备在性能和寿命上实现了质的飞跃，突破了国产品牌在工艺和原材料方面被“卡脖子”的难题，使雪板更具爆发力、更轻、更弹、更耐用。 胡照会介绍，公司研发的高阻尼碳纤维雪板采用改性航空级碳纤维三明治结构，为滑雪者提供了更加稳定舒适的滑雪体验；竞技双板的抗疲劳性能达到150万次以上，是传统结构的2—3倍，这一特性使得竞技双板在长时间、高强度的滑雪比赛中表现出色，填补了国内市场空白。 专属定制，做最好的冰雪装备 “当我决定要做冰雪装备时，我回到故乡哈尔滨，因为这里有着深厚的冰雪文化，培养了一大批冰雪项目世界冠军。”胡照会告诉记者，这里的冰雪运动专家也为产品设计提供了重要的智力支持。 “最好的冰雪装备是人和装备合二为一。”胡照会说，国外装备是按照外国人的体重、运动姿势、发力点进行设计的，中国人使用时并不能释放出最佳状态。为此，冰雪欢腾结合专家们提供的技术需求和使用习惯，不断赋予产品中国特色，为中国运动员定制相应产品。 对于竞技类的专业运动员，冰雪欢腾可为其定制专属冰雪装备。除此之外，冰雪欢腾还针对不同人群进行分类分级，让每一位冰雪爱好者都能选择到符合自己需求的冰雪装备。 作为哈尔滨本土企业，为传播哈尔滨冰雪文化，冰雪欢腾选用“雪狐”为商标，以甲骨文“狐”为图案。“打造传播中国文化的国际一流品牌是我们努力的方向。”胡照会说。（记者 朱 虹）,"2025-02-11 09:00:07
   "
信息化设备助力亚冬会短道速滑精准判罚, 2月9日，第九届亚冬会短道速滑女子3000米接力A组决赛在哈尔滨举行，中国队夺得冠军。新华社发（兰红光摄） 2月9日，2025年第九届亚洲冬季运动会（以下简称“亚冬会”）短道速滑项目结束了所有比赛，在全部9个项目中，中国队最终收获2金2银4铜。 短道速滑，这项速度与激情并存的比赛项目，总是能吸引无数眼球。在冰面上，运动员们如离弦之箭，飞速滑行，完成一圈又一圈的激烈角逐。那么，在如此高速的运动中，如何确保比赛计圈的精确性，避免人工记圈可能出现的误差，又如何保证裁判评判的公正与准确？ 亚冬会执委会给出了答案。今年，短道速滑赛事引入了由哈尔滨体育学院国家体育总局冰雪基础理论与训练方法重点实验室教授单保海团队自主研发的信息化竞赛保障设备。这一设备已在冬奥会等国际赛事中大放异彩。针对本届亚冬会，团队更是对设备进行了全面升级。 计时计圈：精准记录，公正透明 信息化竞赛保障设备由成绩处理系统、录像回放系统、计时记圈系统三大核心部分组成。成绩处理系统彻底解决了我国以往单机版系统规则更新滞后、信息发布缓慢的问题。通过网页与软件客户端的深度融合，设备可将比赛成绩实时发布于互联网，极大地方便了成绩的查询，推动了无纸化竞赛进程。如今，它已成为我国短道速滑国家级赛事的专用系统，并在全国范围内推广使用。 计时记圈系统能够实时记录每位运动员的滑行圈数，并将数据同步显示在屏幕上，让观众和教练对比赛进程一目了然，大大增强了比赛的观赏性和信息透明度。在接力比赛中，这一系统的优势尤为明显。面对场上众多运动员以及频繁发生的摔倒、碰撞等意外情况，计时记圈系统为每个队伍独立提供了剩余圈数显示，成为裁判判断运动员是否完成比赛及剩余圈数的重要依据。同时，它还能在混乱的比赛中为教练员和运动员提供清晰的指示。 此外，单保海团队研发了速度滑冰电动切光计时设备，填补了我国相关领域的空白。按照速度滑冰项目的规定，在运动员出发后，每次通过终点线时，需要由电子设备记录运动员的单圈滑行时间，并在最后通过终点线的瞬间，计取总成绩。“速度滑冰电动切光计时设备的原理是在终点线放置激光发射器，当运动员冰刀通过终点线瞬间，切断发射的激光束，由软件系统计算和提取时间。”单保海介绍。 录像回放：赛时再现，赛后分析 短道速滑比赛，竞争激烈，精彩纷呈。运动员们在仅111.12米的单圈滑行距离上，以超过50公里/小时的速度飞驰。当多名运动员同场竞技时，身体接触频繁，犯规行为时有发生。仅凭肉眼，难以准确判断哪个运动员犯规。 此时，团队自主研发的录像回放系统可发挥关键作用。它能够详细记录比赛过程中的每一个细节，包括运动员的滑行路线、身体姿态、相互之间的接触等。通过慢动作回放和多角度展示，裁判长能够精准判定犯规情况，确保比赛的公平与公正。 哈尔滨体育学院体育科学研究院院长汪宇峰介绍，目前，我国自研的短道速滑比赛录像回放系统，不仅具备国际滑联录像回放设备各项功能，还创新研发了“直道+追踪”双屏显示功能。该项功能相较于国际滑联的设备，额外增加了一个可供裁判长判断的场景。届时裁判长可以同时观看两个屏幕，减少了因屏幕间频繁切换而导致的思路干扰。这一技术创新为比赛时缩短裁判长观看时间、快速做出判断、准确进行判罚起到了重要作用。该系统在第十四届全国冬运会短道速滑比赛首次投入使用，得到了国内及国际裁判长的一致好评。 同时，回放系统还能够将犯规视频推送给教练员区、现场大屏幕以及电视转播等，让观众能够更清晰地看到比赛中的犯规瞬间和关键细节。这不仅保证了赛事的公平与公正，还增强了观赛体验，提高了赛事的观赏性和吸引力。 “我国的录像回放系统，也是国内裁判长学习提高判罚水平的重要工具。”汪宇峰介绍道。通过反复观看录像回放，裁判们能够学习和总结判罚经验，提升自身的业务能力。这一系统不仅为裁判提供了更准确的判罚依据，还有助于提高裁判的判罚水平和一致性，从而推动裁判队伍整体素质的提高。 此外，团队研发的录像回放系统、成绩处理系统所收集的数据还会被纳入大数据库，用于后续的数据分析。这些数据能够为教练和运动员提供宝贵的比赛信息，帮助他们分析技术动作、战术执行等方面的得失，总结经验教训，为今后的训练和比赛提供参考。（记者 朱 虹）,"2025-02-11 08:59:50
   "
新华社消息｜全国手机等数码产品购新补贴申请人数突破2000万, 编导：赵宇超 新华社音视频部制作,"2025-02-11 08:59:35
   "
全球人工智能发展热度不减,进入2025年，全球人工智能（AI）领域仍然是关注焦点，从政府到企业，从投资、应用到合作，人工智能领域热度不减，并呈现四个特点。 首先，对人工智能领域的基础设施投资力度仍在加大，投资领域主要覆盖服务器、数据中心和网络等。 包括微软、亚马逊、谷歌和Meta在内的美国科技巨头们选择继续加码AI领域投资，寻求AI领域的投资和商业机会。据报道，这四大企业2025年预计在AI技术和数据中心建设上共投入3200亿美元，大大高于去年的2300亿美元。其中，仅亚马逊一家今年的总资本支出就有望增至1000亿美元以上，大部分增幅将用于亚马逊网络服务部门的AI，高于2024年的830亿美元；微软2025财年投资800亿美元用于AI数据中心建设；谷歌母公司Alphabet表示，正加快对AI数据中心的投资，今年的资本支出将从2024年的525亿美元增至约750亿美元，预计第一季度将达到160亿至180亿美元。 包括软银、甲骨文和OpenAI在内的公司已承诺斥资5000亿美元，在一个名为星际之门（Stargate）的合资企业中建设新的AI基础设施。 美国总统特朗普早先宣布，将加快AI发电厂的建设，并明确表态其政府不会对AI行业设定任何气候目标。他还希望这些发电厂直接与数据中心连接，而不是通过电网供电。 其次，全球多个国家都在投入更多力量以推动人工智能发展。 在欧洲，英国政府1月公布“人工智能机遇行动计划”，旨在大力推广人工智能，以促进经济增长、创造就业机会并提升公共服务水平。法国总统马克龙在巴黎人工智能峰会召开前夕表示，法国将宣布由公司、基金和其他来源在未来几年对法国人工智能项目进行总计1090亿欧元的投资。马克龙表示，“欧洲人的第一场战役是投资、投资、再投资。” 在亚洲，软银集团与OpenAI于2月初举办了一场有500多家日本公司到场的会议，旨在建设日本的人工智能基础设施，将寻求运输、制造、制药和金融等各行各业的支持。此外，据报道，在巴黎人工智能峰会期间，美国总统特朗普与日本首相石破茂将讨论人工智能和芯片开发等事宜。 再次，新产品不断推出，行业内竞争日趋激烈。 今年，总部位于中国杭州的AI初创公司DeepSeek（深度求索）发布了推理模型DeepSeek-R1。该模型能力与OpenAI的推理模型o1相当，出色的性能、更低的成本和更短的训练时间震动了美股市场，有望激发新一波创新浪潮。 此后，谷歌公司宣布产品线全面上新，所有用户已经正式迈入“Gemini 2.0”时代，同时发布Gemini 2.0 Flash-Lite、Gemini 2.0 Pro模型。美国独角兽公司、AI处理器芯片制造商Cerebras Systems发表声明称，它已与法国开源人工智能技术商Mistral AI公司达成合作，并帮助后者造就了一个响应速度最快的开源人工智能助手，其主要竞争对手包括Meta平台、DeepSeek等。 最后，对人工智能发展未来的思考和探讨更深入。 DeepSeek大模型的出世显然扰乱了美国的人工智能生态体系，也引发了投资者的质疑，即是否需要借助巨额投资来推动AI发展。一些市场人士认为，DeepSeek的发布短期内不太可能对AI投资计划产生影响，但从长远来看，是否需要大规模投资数据中心确实是个问题。此外，维持了芯片行业热度的全球AI芯片行业将面临哪些新的机遇或挑战也值得关注。市场人士还认为，行业发展取决于监管，未来监管是否会由繁至简、由紧至松也需要观察。 显然，AI热潮尚不会在2025年消退。Meta首席执行官马克·扎克伯格认为，2025年是“人工智能的决定性一年”。然而，如何让AI有力推动历史性的变革，谁将成为这场变革的领导者，如何推动行业健康发展，也将在变革中趋于清晰。（周武英）,"2025-02-11 08:45:50
   "
从电力消费结构看产业升级,推进电力消费结构优化是一项系统工程。未来，要强化科技创新，推动新型能源体系的完善和各能源之间的协同发展，提升清洁能源竞争力；合理规划煤电发展，推动煤电转型升级。 电力消费结构是经济发展的晴雨表，直观反映我国经济结构的变化和产业升级步伐。国家能源局近日发布的数据显示，2024年我国全社会用电量98521亿千瓦时，同比增长6.8%，增速较2023年微升0.1个百分点。 这一增长背后，是产业结构的深度调整与升级。在第二产业中，作为用电主体的制造业用电结构发生了显著变化。高技术及装备制造业2024年用电量同比增长10.3%，远超同期制造业平均增速。新能源汽车、智能网联汽车等产业带动了相关产业链发展，不仅促使汽车制造业用电量大幅增长，也加快了我国汽车产业从传统制造向高端智能制造的转型。在政策的大力扶持下，电气机械和器材制造业、计算机、通信和其他电子设备制造业、汽车制造业、仪器仪表制造业等设备制造类行业用电量增速均超10%，显示出我国在新兴制造业领域的投入与布局初见成效，为产业升级注入强劲动力。 第三产业在数字经济、现代服务业等新兴领域的带动下，用电量持续快速增长。2024年，第三产业用电量为1.83万亿千瓦时，同比增长9.9%。信息传输、软件和信息技术服务业用电量同比增长11.9%，互联网和相关服务更是在移动互联网、大数据、云计算等技术的助力下，用电量同比增长21.7%。从区域维度来看，各地区全社会用电量均实现正增长，东部地区凭借其经济基础和产业优势稳定增长，中西部地区在产业转移和政策扶持的推动下用电量增速较快，区域发展的协调性不断增强。 在电力消费结构变化的过程中，也暴露出一些待解决的问题。清洁能源发电的增长速度难以跟上电力需求的快速增长，2024年电力增量缺口仍需依靠化石能源填补，在一定程度上制约了我国能源转型的进程。随着新能源接入电网比例的不断增大，电网稳定性面临严峻挑战，新能源消纳问题日益突出。推进电力消费结构优化是一项系统工程，需要多措并举、统筹施策。 一方面，强化科技创新，提升清洁能源竞争力。持续加大对可再生能源的研发投入，鼓励企业和科研机构开展新能源领域的技术创新，重点突破新能源消纳能力的配套技术，降低新能源发电的生产成本，提高新能源电力的市场竞争力。优化可再生能源全产业链，充分发挥我国产业链优势，推动完善新型能源体系以及各能源之间的协同发展。加大对电网智能化建设的投入，提升电网调节能力和智能化水平，加强储能设施建设，提高电力系统的灵活性和稳定性，有效解决新能源消纳难题，保障电力系统安全稳定运行。 另一方面，合理规划煤电发展，推动煤电转型升级。制定科学合理的煤电发展规划，逐步降低煤电在能源结构中的占比，推动煤电向灵活性、高效性方向转型，提高煤电调节能力，使其更好地适应新能源发展的需求。制定和完善相关政策，鼓励企业和居民使用清洁能源，加大对新能源产业的扶持力度，引导能源消费结构向绿色、低碳方向转变。通过税收优惠、补贴等政策手段，提高清洁能源的市场竞争力，促进能源消费结构优化升级。,"2025-02-11 08:45:05
   "
数字经济高效赋能千行百业,工业和信息化部最新数据显示，2024年，我国信息技术服务收入同比增长11%；云计算、大数据服务收入同比增长9.9%。数字技术、数字基础设施、数据资源持续发展，数字经济赋能千行百业，成为发展新质生产力的重要支撑和关键引擎。 数字产业快速增长 作为数字经济的重要组成部分，2024年前11个月，数字产业业务收入达31.7万亿元，同比增长5.4%，利润总额为2.4万亿元，同比增长4%。 “数字产业是促进实体经济和数字经济深度融合的关键支撑，也是发展新质生产力的重要载体。”工业和信息化部运行监测协调局局长陶青介绍，围绕新一代信息通信、软件和信息服务、新型显示、物联网等领域，工信部加快布局建设一批数字产业集群。目前，数字产业领域已累计建设13家国家级制造业创新中心，企业创新能力稳步提升。 大连理工大学平台治理研究院院长苏敬勤认为，数字经济快速发展得益于以人工智能、大数据、云计算为代表的新一代信息技术不断取得新突破，以及5G、数据中心等信息基础设施建设稳步推进。此外，智能工厂、智能车间等新模式新业态竞相涌现，也拉动了企业端大量投入和消费端海量需求。 当前，我国网络基础能力大幅提升。5G基站达到425万个，千兆用户突破2亿户，移动物联网加快从“万物互联”向“万物智联”发展，终端用户超过26亿户，在用算力中心标准机架数超过880万，算力规模较2023年底增长16.5%。 技术产业实力明显增强。移动网络方面，5G标准必要专利声明全球占比达到42%。固定网络方面，空芯光纤、高速光电模块器件研制取得重大进展，首条400G全光省际骨干网投入商用。卫星通信方面，“手机直连卫星”商用服务加速落地。 陶青表示，下一步，将加快研究出台促进数字产业高质量发展文件，加大政策支持和要素保障，加强数字产业运行监测，强化产业政策、金融政策等衔接落实，加快打造具有国际竞争力的数字产业集群，为做强做优做大数字经济提供有力支撑。 数实融合纵深推进 2024年，数字经济与实体经济融合更加深入，赋能作用日益凸显。苏敬勤说，数实融合在深度和广度上不断加深加宽，逐渐形成从实体经济单个环节的转型升级到全方位全链路发展。 “5G、千兆光网、算力创新应用在工业、医疗、能源等领域实现规模推广，优秀案例数分别达到13.8万个、3.7万个、1.3万个。”工业和信息化部信息通信发展司司长谢存介绍，全国建设5G工厂4000余家，重点工业企业数字化研发设计工具普及率达到84.1%，示范工厂研制周期平均缩短近30%。 中国信息通信研究院政策与经济研究所数字经济研究部主任工程师胡燕妮分析，数字经济通过推动新型生产工具的改进与应用普及，塑造新型劳动资料；通过不断拓展劳动对象范围和提高应用效率，催生新型劳动对象，为新质生产力发展注入新动能。 走进本溪工具股份有限公司生产车间，自动导向车、无人叉车有序搬运货物，高清摄像头仔细“检查”产品质量……这就是公司与辽宁移动、中兴通讯共同打造的“5G+智慧工厂”项目。 “质检是生产过程中的关键工序。过去，因质检员个人能力差异及抽检时间间隔，有时会导致废品未能及时检测。如今，5G与机器视觉技术相结合，将产品缺陷检出率提升至98%。”本溪工具信息部部长陈杨介绍，5G专网作为基础数据通道，让生产数据变得可感可控，实现总体产能增长50%；5G智慧仓储使停工待料时间减少50%，交货期缩短20%。 中国互联网络信息中心主任刘郁林认为，伴随新一代信息技术与制造业深度融合，我国制造业数字化转型向纵深推进。数据显示，已培育421家国家级智能制造示范工厂、万余家省级数字化车间和智能工厂，建成具有一定影响力的工业互联网平台超340家，“5G+工业互联网”全国建设项目数超1.7万个，实现41个工业大类全覆盖。 数字消费蓬勃发展 当前，互联网等数字技术深度融入百姓生活，智能产品应用层出不穷，推动形成全球最大的数字消费市场。2024年我国数字消费规模超6万亿元；实物商品网上零售额比上年增长6.5%，比社会消费品零售总额增速高3个百分点，占社会消费品零售总额比重达26.8%。 前不久发布的第55次《中国互联网络发展状况统计报告》显示，在政策推动、模式创新等多重因素推动下，2024年数字消费领域亮点纷呈。一方面，电商平台企业联合多个省、市级政府给予消费者补贴加码，大力推广以旧换新模式，推动线上消费成交额大幅增长，截至2024年12月份，网络购物用户达9.74亿人；另一方面，支付宝、微信支付与云闪付实现线下条码互认互扫，推动线上、线下多场景支付互联互通，进一步便利数字消费。 “数字消费是提升经济发展水平、增强人民获得感幸福感的重要方向。”苏敬勤建议，要强化信息安全监督保障，压实各类网络平台主体责任、提升网络安全保护等级，让消费者用得放心；完善市场监管体系，加强对新数字产品、新业态、新服务的协同监管，实行线上线下一体化监管，事前、事中、事后全链条监管，避免劣币驱逐良币现象发生；进一步落实平台企业研发费用加计扣除、股权激励、创新创业等各项税收优惠政策，为数字经济快速发展注入新活力。,"2025-02-11 08:44:37
   "
春节期间数码产品等以旧换新销售额超310亿元,记者10日从国家发展改革委获悉，春节期间（2025年1月28日至2月4日），全国消费品以旧换新活动火热开展，汽车、家电家居、手机等数码产品以旧换新销售量达到860万台（套）、销售额超过310亿元，家电、手机销售收入同比大幅增长约166%、182%，手机等数码产品成为今年春节“新年货”，消费市场活力有效提升。 1月8日，经国务院同意，国家发展改革委、财政部印发加力扩围实施“两新”政策的通知，对2025年“两新”工作进行整体部署；第一时间下达首批810亿元超长期特别国债资金，支持地方抓紧启动各领域以旧换新工作。商务部等部门及时出台汽车、家电、手机、家装消费品等领域更新换新实施细则。春节假期前，全国31个省、自治区、直辖市即全面启动消费品以旧换新，实现政策衔接和资金接续。 在“两新”加力扩围的带动下，消费者参与更新换新热情高涨。国家发展改革委表示，初步梳理，春节期间全国汽车、家电家居、手机等数码产品以旧换新销售量达到860万台（套），销售额分别约66亿元、105亿元、141亿元；北京、江苏、浙江、河南、湖北、广东等地区以旧换新销售额均超过15亿元，位居全国前列。税务总局数据显示，春节期间全国家电、手机销售收入同比增长166%、182%，其中电视机销售收入同比增长227%。主要电商平台春节期间消费品以旧换新搜索量超过4000万次，订单量同比增长40%以上。 特别是手机等数码产品消费引领形成“新年货潮”。国家发展改革委表示，新增实施手机等数码产品购新补贴，是今年“两新”政策加力扩围的一大亮点。春节期间，消费者“辞旧机、迎新机”的热情被点燃，手机成为今年春节换新潮中的主力。初步梳理，春节期间全国手机等数码产品销售量突破450万台，销售额占消费品以旧换新总销售额的45%。相关电商平台数据显示，在春节期间参与以旧换新补贴的家电和手机等数码产品中，手机销售额占比近70%。（记者 汪子旭）,"2025-02-11 08:29:53
   "
新华视评｜“深潜”人生，何以力量无穷, 编导：徐宁 新华社音视频部制作,"2025-02-10 09:17:03
   "
中国经济数据观丨以旧换新+购新补贴 家电音像、通讯器材收入同比增超150%,,"2025-02-10 09:13:54
   "
石墨烯航空电池助力低空经济“高飞”,2月8日，春节喜庆气氛尚未散去，中国航空发动机集团北京航空材料研究院（以下简称“航材院”）石墨烯航空电池研制中试生产线已正式开工。现场机器轰鸣，技术人员神情专注地调试着设备参数。这里制造的石墨烯航空电池将应用于混合动力无人机上。 石墨烯被誉为“新材料之王”，拥有电热转换效率高、升温速度快等优异性能。航材院石墨烯新能源材料中心主任燕绍九告诉科技日报记者：“应用石墨烯等新型材料技术制造的航空电池相比传统电池，能量密度能提升50%以上。” 作为新质生产力的代表，低空经济已经成为培育发展新动能的重要方向。2024年，多地推出低空经济具体支持政策和行动方案，其中不少方案都提到了研发应用高性能动力电池。 同新能源汽车一样，未来低空经济主力场景——电动垂直起降航空器（eVTOL）与无人机等的规模化推广应用，离不开高性能动力电池。动力电池的成本约占新能源车总成本30%—40%，据此测算，我国航空动力电池市场前景广阔。当前，宁德时代、亿纬锂能等具备技术优势的动力电池企业已纷纷入局打造低空经济“动力源”。 相较于新能源汽车动力电池，航空动力电池对安全性、能量密度、功率密度、快充性能、循环寿命要求更高。其中，能量密度是衡量电池性能的一个关键指标，直接影响电池续航能力和使用效率。 能量密度是指电池平均单位体积或质量释放出的电能，以瓦时/千克（Wh/kg）表示。燕绍九介绍：“传统电池的能量密度约为250Wh/kg，不到航空煤油的1/40。”据中国航空运输协会发布的《2023—2024中国民用无人驾驶航空发展报告》，电池续航是当前制约无人机发展的瓶颈之一。 引入新材料是改进电池性能的思路之一。石墨烯由于其导电导热性能好、比表面积大，加入锂电池能极大提高电池能量密度。“比如研发能量密度有望超过600Wh/kg的锂硫电池，就需要使用石墨烯的高导电和大比表面积特性。”燕绍九说。 值得注意的是，目前市场上航空电池的能量密度距400—500Wh/kg的门槛还有一定差距。“400Wh/kg是个分水岭，大概相当于常规新能源汽车电池的2倍动力，能支持小型通用飞机的飞行。”燕绍九介绍。 2008年，国内科研机构陆续开始布局石墨烯材料的制备及应用研究。2016年，中国航空发动机集团组建成立后，将石墨烯锂电池技术列为重点发展方向予以大力支持。航材院成立石墨烯新能源材料研究中心，引进国内外优秀科技人才，并以多种基金项目方式支持相关研究。 近年来，航材院突破多项关键技术，开发了具有自主知识产权的石墨烯批量制备成套装备。“团队研发了石墨烯高功率锂电池技术、石墨烯超低温锂电池技术等。”燕绍九介绍，高功率锂电池技术可实现用电设备大功率放电，保证高安全性的同时，实现30C超高倍率放电（最快2分钟即可完成放电）；超低温锂电池技术则可保障用电设备在零下40摄氏度环境下正常工作，能满足低空飞行器高海拔起飞。 航材院还研制了超薄锂镁合金负极材料等代表性成果，取得相关授权专利37项。“超薄锂镁合金负极材料将石墨烯作为三维集流体，并应用了石墨烯表面改性技术，该材料制造的锂电池能量密度能达到400Wh/kg。”燕绍九介绍。 目前，航材院部分相关技术成果已从实验室走向应用市场，助力低空经济“展翅高飞”。航材院与客户开展石墨烯超低温电池技术攻关合作，首次实现了石墨烯超低温锂电池技术在低空电动装备上的应用。经过多轮试验与优化，石墨烯超低温方壳电池实现零下40摄氏度3C放电，并成功应用于多种型号低空电动装备中。 据悉，航材院石墨烯新能源材料研究中心目前拥有电池关键材料实验室、锂离子电池研发线和中试生产线各1条，生产及检测设备400余台，实验室和厂房面积共1万平方米，装备有大电流充放电测试设备。燕绍九表示，下一步，研究中心将持续推动石墨烯锂电池材料的开发和工程化应用，为低空经济蓬勃发展贡献力量。（记者 孙 瑜）,"2025-02-10 09:02:50
   "
我国智能机器人产业发展态势良好,记者9日从国家市场监督管理总局获悉，据市场监管大数据中心数据显示，截至2024年12月底，全国共有45.17万家智能机器人产业企业，注册资本共计64445.57亿元，企业数量较2020年底增长206.73%，较2023年底增长19.39%，呈稳健上扬态势。 从行业分布来看，智能机器人产业企业主要集中在科学研究和技术服务业，信息传输、软件和信息技术服务业以及批发和零售业，这三个行业企业数量占全部企业的近八成。从地域分布看，我国智能机器人产业的地域分布呈现出明显的梯度特征。东部地区凭借其得天独厚的区位优势、雄厚的科研实力以及完善的产业链配套，吸引了超2/3的智能机器人产业企业在此集聚，企业数量占比高达66.06%，形成了智能机器人产业的“黄金地带”。中部和西北地区的企业数量分布相对均衡，分别占比15.33%和14.97%。（记者 付丽丽） ,"2025-02-10 09:02:36
   "
DeepSeek进入“国家队”：加速国产AI技术生态发展与普及,近日，深度求索（DeepSeek）旗下DeepSeek-R1、V3、Coder等全系列大模型正式接入国家超算互联网平台。据介绍，DeepSeek-R1专注于自然语言处理，具备强大的文本生成能力；DeepSeek-V3聚焦于图像生成，能够生成高分辨率和细节丰富的图像，适用于广告、艺术创作等多个场景；DeepSeek-Coder是一款代码生成模型，能够协助开发者快速构建程序，提高开发效率。 超算互联网是以互联网思维运营超算中心，并连接产业生态中的算力供给、应用开发、运营服务、用户等各方能力和资源，构建一体化超算算力网络和服务平台。其目标是紧密连接供需双方，通过市场化的运营和服务体系，实现算力资源统筹调度，降低超算应用门槛，并带动计算技术向更高水平发展，推动自主核心软硬件技术深度应用，辐射带动自主可控产业生态的发展与成熟。 为促进超算算力一体化运营、打造国家算力底座，国家超算互联网平台去年4月正式上线，覆盖科学计算、工业仿真、人工智能（AI）模型训练等各个领域。 记者从国家超算互联网平台了解到，截至今年1月，平台上已有各类算力商品超6500款，其中模型服务近240款，既有DeepSeek、Qwen等国内开源大模型，也有Llama、Stable Diffusion、Gemma、Mistral、StarCoder、ChatGLM等国外开源模型。 对于DeepSeek的上线，国家超算互联网平台相关负责人表示，先进的国产AI技术与国家级综合算力服务平台融合，是加速国产AI技术生态发展与普及的前沿实践，其将在市场、技术、创新、产品及用户方面推动AI技术生态创新及成果落地，促进AI+的多样化，推动中国乃至全球AI市场的应用落地和产业化进程。通过国家超算互联网平台，用户无需本地下载，可在线部署、推理、定制化训练与开发DeepSeek等国内外知名开源大模型，降低了AI技术使用门槛。与此同时，算力服务的普惠性也得到提升，国家超算互联网平台依托国产深算智能加速卡与全国一体化算力服务体系，为DeepSeek等模型提供丰富的异构算力资源，为国产AI应用与创新提供持续算力保障。 DeepSeek系列模型在性能上与世界顶尖的大模型不相上下，但在成本上却具有显著优势。DeepSeek系列通过算法优化显著降低计算资源消耗，结合国家超算互联网平台“普惠易用、丰富好用”的能力，使得更多企业和用户能够负担得起AI技术的应用，加速AI技术普及。 业界普遍认为，DeepSeek模型在超算互联网平台的规模化落地，或将改变国内AI行业依赖海外闭源模型的现状。（记者 杨 雪）,"2025-02-10 09:02:22
   "
新春走基层｜我国大科学装置——江门中微子实验开始灌注液体闪烁体, 我国大科学装置——江门中微子实验2月8日开始液体闪烁体灌注，预计今年8月完成灌注并正式运行取数。 江门中微子实验位于广东江门开平市，它的核心探测设备（中心探测器）是一个有效质量2万吨的液体闪烁体探测器。布满中心探测器内壁的光电倍增管共同探测中微子被液体闪烁体“俘获”时产生的闪烁光，并将光信号转换为电信号输出。 江门中微子实验以测量中微子质量顺序为首要科学目标，并将开展其他多项重大前沿研究，建成后将成为国际中微子研究的中心之一。 作者：田建川、魏晓航 画面来源：中国科学院高能物理研究所 新华社音视频部制作,"2025-02-10 08:58:42
   "
人类向着聚变能源开发迈出一大步,新华社合肥1月20日电 题：人类向着聚变能源开发迈出一大步 新华社记者徐海涛、何曦悦 有中国“人造太阳”之称的全超导托卡马克核聚变实验装置（EAST）20日在此间创造新世界纪录——首次完成1亿摄氏度1066秒“高质量等离子体运行”。这是中国科研团队向着聚变发电的未来迈出的一大步，也是人类向着清洁能源未来迈出的一大步。 1亿摄氏度1000秒稳态长脉冲高约束模等离子体运行，这些关键词共同组成的是聚变研究中一个里程碑式的门槛。 “1000秒”的意义之所以重大，在于长脉冲高约束模达到1000秒，充分验证了聚变装置的系统集成能力和高参数等离子体稳态运行。这是未来聚变堆持续发电的基础。 此次新纪录由中国科学院合肥物质科学研究院等离子体物理研究所的科研团队创造，比他们在2023年创造的世界纪录——稳态高约束模式等离子体运行403秒，足足多了600多秒。 中国“人造太阳”再创新纪录不仅点燃了科学岛上的一个不眠夜，也让国际聚变科研界“燃”了起来。 EAST之所以被称为“人造太阳”，是因为其拥有类似太阳的核聚变反应机制。包括中国团队在内，全球都将“人造太阳”作为解决人类能源问题的“终极答案”之一。 由于实现核聚变的原材料在地球上极丰富，且排放无污染，如果能利用可控核聚变反应在地球上造出一个“太阳”，人类就如同拥有了一座原料不竭且无污染的发电厂，从而实现水清天蓝、能源永续。 核聚变能开拓的想象空间，远不止“发电”这么简单。在世界多部科幻小说、科幻电影中，核聚变飞船频频出现，成为宇宙航行的利器。 在现实中，科学家们告诉记者，核聚变飞船并非空想，人类未来确实有可能利用核能这种高效能源飞出太阳系，成为真正的太空文明。 为了聚变能源的梦想，全球科学家们已经努力70余年。但目前，全球核聚变实验装置离真正实现发电还有一定距离，主要面临的挑战包括必须能达到上亿度高温、长时间稳态运行并且具有可控性等。这也正是EAST不断加速奔赴的方向。 “一个聚变装置要达到千秒量级的稳定可靠，确保实现等离子体的长脉冲稳态运行，未来的聚变电站源源不断发电才有可能。”中国科学院合肥物质科学研究院副院长、等离子体物理研究所所长宋云涛说。 他说，实现“1亿度1千秒高约束模”将聚变能源的研发进程往前推进了一大步。 实验参数跨越的背后是基础研究和工程技术的跨越。中国EAST装置上有核心技术200多项、专利2000余项，汇聚“超高温”“超低温”“超高真空”“超强磁场”“超大电流”等尖端技术于一炉。自2006年EAST建成运行以来，已经开展了20余轮物理实验，等离子体运行次数超过15万次。 中国向着“终极能源梦想”更近一步的成果，也将造福全球。 2006年，中国正式成为全球最大“人造太阳”国际热核聚变实验堆（ITER）的参与方，在这个被视为全球各国共同“种太阳”的国际大科学工程计划中，等离子体所是中方任务的主要承担单位之一。 长期以来，EAST团队通过开放共享的建制化管理模式，在第一壁材料等研究领域国际领先，能为ITER提供长脉冲稳态高温等离子体运行的实验平台，一直都是ITER和多国聚变专家青睐的合作对象。 2024年年初，ITER实验运行部门负责人等百余名中外科学家曾在EAST开展联合物理实验，为ITER的未来运行“打样”，提前演示并攻克相关技术难题。 宋云涛介绍，等离子体所与全球50多个国家超过120家科研机构建立了稳定的交流与合作关系，还助力东南亚、西亚、南美、北非等地核聚变新兴国家的相关学科和实验装置建设。 过去几年里，EAST在长脉冲高约束模运行连续创造了60秒、100秒、403秒等重大突破，这让中国在核聚变研究领域跻身全球第一梯队行列，也为全球聚变堆建设提供重要参考。 此次EAST创造纪录采用的高约束等离子体运行模式效率高、经济性强，也正是ITER、中国聚变工程实验堆（CFETR）等未来聚变实验堆和工程堆稳态运行的基本模式。 “希望通过EAST扩大国际合作，早日实现核聚变能源为人类所用。”宋云涛说。 据悉，在EAST所在的安徽省合肥市，下一代“人造太阳”中国聚变工程实验堆已完成工程设计。根据中国磁约束核聚变路线图，未来将瞄准建设世界首个聚变示范电站。,"2025-01-21 08:59:51
   "
神舟十九号航天员乘组圆满完成第二次出舱活动, 记者从中国载人航天工程办公室了解到，1月21日1时12分，经过约8.5小时的出舱活动，神舟十九号乘组航天员蔡旭哲、宋令东、王浩泽密切协同，在空间站机械臂和地面科研人员的配合支持下，完成了空间站空间碎片防护装置安装、舱外设备设施巡检等任务。出舱航天员蔡旭哲、宋令东已安全返回问天实验舱，出舱活动取得圆满成功。 记者：黄一宸、厉彦辰 新华社音视频部制作,"2025-01-21 08:56:52
   "
科技自立自强之院士说｜张平：为突破信息理论贡献中国科学家力量, 新华网北京7月18日电 题：科技自立自强之院士说｜张平：为突破信息理论贡献中国科学家力量 新华网记者 凌纪伟 探索和利用信息是驱动数字时代发展的策源力。 信息通信与每个人的生活息息相关，对一个国家的经济社会发展影响深远。对普通人来说，从3G到5G的通信变革让生活变得美好轻松，而对专业人士来说，通信其实已经进入“最难的时代”。由于经典信息论停滞不前，通信技术已经接近经典信息论所预言的理论极限。未来发展方向在哪里？ 语义通信取得新突破 1948年，现代信息论创始人香农发表《通信的数学理论》论文，七十多年来，该论文一直指引着现代通信一路高歌猛进。 通信不断迭代演进，AI相伴快速崛起。经典信息论在指导未来智能通信系统构建与研究上所遭遇的局限性，让面向语义通信的研究引起学术界高度关注，而中国工程院院士、北京邮电大学教授张平团队就是引领全球语义通信研究的重要力量。 “随着时间推移，香农在上世纪四十年代末建立的经典信息理论体系，已经难以适应未来通信技术的发展，我们迫切需要站在巨人的肩膀上予以突破。”张平说。 香农生活的那个时代，更多是人与人的通信，人们只要相互理解就能高效通信。而在当下数字时代，通信更多发生在机器与机器之间。 “人与人之间那种天然的智能理解能力，这种‘灵’，能否在机器通信中出现呢？”张平坚信，在AI技术助力下，语义通信能够把模型、通信中蕴藏的含义，通过多模态的形态，以通信的手段完成传递。“AI的引入，为通信系统整体设计提供了全新视角，将带来额外增益，即所谓的‘智简’，可以打破经典理论对人们思想的禁锢。” 作为新一代通信方式的语义通信，在数学表征和理论依据方面尚不成熟。建立一套严谨的数学模型来描述语义通信的过程是一项具有挑战性的任务，如何构建语义信息论也是当前研究的难点。 过去几年，张平带领团队一直在信息论领域大胆探索，砥砺奋进，并在语义通信理论方面取得多项突破性成果。近期，该团队的重要论文《语义通信的数学理论》，发表在我国通信领域的顶级期刊《通信学报》，揭示了同义性是语义信息的本质特征，从同义映射这一核心概念出发，建立了完整的语义信息理论框架，全面扩展了通信系统的理论极限。 “我们发现，语义信息是语法信息的上级抽象，同义性是语义信息的本质特征。”基于同义映射，张平团队引入了语义信息的度量——语义熵，以及上/下语义互信息、语义信道容量、语义率失真函数，从而建立了完整的语义信息度量体系。在新发现的基础上，团队又进一步证明了三个重要的语义编码定理，特别是语义信道容量公式打破了香农界对通信系统的禁锢。 新的进展，很快在国内外学术界引起关注。大家对这一最新突破产生浓厚兴趣，并肯定了其深远影响。 “一个伟大的理论必然能概括为系统化的数学表述，而这种数学表述越简洁，就越容易被接受。”中国工程院外籍院士、英国皇家工程院院士、移动通信领域国际著名学者王江舟在《语义通信的数学理论》序言中提出，这篇论文建立了一个源自同义映射概念的语义信息数学框架。应用该理论，可以系统测量和评估语义信息，并设计和优化语义通信系统。 最近，美国三所大学的科研人员致信张平，肯定了这一数学模型的创新性，认为“同义映射能够为所在的研究领域带来深远影响，并将为各地的研究人员带来激发”。  图为7月10日召开的“信息论：经典与现代”学术研讨会现场（新华网朱家齐 摄） 中国通信学会7月10日主办的“信息论：经典与现代”学术研讨会上，与会院士专家普遍认同，语义通信技术将成为未来信息通信技术的重要研究方向，具有重要的理论与应用价值。张平团队发表的论文提出的语义信息论，是对经典信息论的自然推广，是中国科学家在信息基础理论上的原创突破。 引入智能，助力6G智简 通信是赋能行业的工具，而AI又是赋能通信的重要工具。过去10年，机器学习和深度学习迅速发展，AI赋能通信也成为水到渠成的结果。 所谓数字世界，归根结底是物理世界的人机物产生的映射。在此之下，通信与人工智能的紧密关系已经非常明晰。在数字世界中，通信系统采集与传输语法信息，在算力、数据以及算法支持下，人工智能技术从语法信息中提取语义信息进行加工处理，进一步，智能决策与控制系统基于语用信息对物理世界执行动作。 早前，语义通信研究比较多的集中在XR、元宇宙这类应用场景中的实现，具有非常现实的商业意义。在视频业务之外，张平团队敏锐地发现，利用语义通信实现6G网络的智能简约也是一个重点方向，提出了6G智简网络，构建了面向智简6G的“一面-三层”智能高效语义通信网络架构。 从4G到5G，过去通信的演进发展可以说是靠堆叠式，天线要增加，带宽要增加，功率要增加。未来，随着通信演进迭代，芯片还要越来越小，但已经逼近极限。 “智能一定会带来简约，一定能开创新的通信演进新道路。”在语义信息论指导下，张平团队提出了语义基物理模型，进一步提出了多项代表性的语义通信关键技术，并搭建了国际首个面向6G通信与智能融合的外场试验网。该试验网验证了语义通信在4G链路上可以达到6G传输能力，在容量、覆盖、效率三项通信核心基础指标上均获得10倍的性能提升。  图为6G外场试验网展示区（新华网朱家齐 摄） “以语义信息论为指导进行的系统搭建及6G外场组网，突破了香农界对通信系统的禁锢，可以支撑沉浸式通信、泛在连接、超高可靠低时延、超大规模多连接等6G主要场景的全面性能提升。”在张平看来，语义通信堪称6G及未来通信的“拐点技术”。 在4G、5G链路上达到6G的传输能力，意义可谓深远。它既体现出智能简约的特点，也带来显著的增益改善。 “最集中的体现就是通信对资源的要求没那么高了，成本降下来，老百姓都能用得起了。”张平说，在算力方面，只需国产算力，在芯片制程方面，走出了一条另辟蹊径的道路，不再受限于高制程，4G时代的28纳米就能支撑6G发展。 当新的通信潮流到来时，运营商也看好这一方向。大家认为，6G外场试验网的成功搭建，降低了6G研究门槛，形成贯通理论、技术、标准和应用的全产业链创新环境，促进跨领域创新合作。 如今，张平团队从实用的物理模型上已经证明了语义信息论的诸多观点，现在只需大规模采用，验证其先进性，就能更快推动其成为6G国际标准，为全球通信事业发展做出中国贡献。 张平说，“现代语义通信关键技术已经成为6G标准化组织关注的候选技术，目前国家已成立了针对语义通信国际标准化的任务组，由我们牵头，运营商、设备商、终端厂商等国际国内30余家单位积极参与，完成的技术提案已超过60项。”他希望，广泛联合学术界、产业界等各方力量，共同推进语义通信技术的国际标准化工作。 赋能新业态，贡献新理论 从提出语义信息论、研发语义通信关键技术，到搭建6G外场试验网，上述研究成果已经形成从基础理论、关键技术到实验验证的完整体系。 张平团队成功印证了语义通信的可行性，迈出了从0到1的关键一步。“我们把一个基础原理搞清楚了，接下来就是从1到10，这也需要学术界和产业界联合来推动。”张平院士团队成员、北京邮电大学教授许晓东说，我们愿意把技术开放出来，让大家能为移动通信事业发展做出更大贡献。 实现语义通信已成为未来移动通信系统的重要目标与核心特征之一。作为新兴交叉前沿研究方向，语义通信也会拓展新应用。 语义信息论指导下的现代语义通信，将为数字经济新业态提供赋能。据张平介绍，目前，这一技术已在沉浸式视频传输、无人车联、无人机网络、泛在连接卫星通信及大规模物联网等场景验证了其优异的性能。例如，基于语义通信的咪咕视频彩铃在今夏欧洲杯期间发布，已完成 100个专题视频彩铃的制作并上线，大幅度提升了窄带高清的用户效果体验。未来，现代语义通信将通过赋能具身智能，助推低空经济、工业互联网、XR、智慧教育、元宇宙等获得更广阔的创新发展。 在业内专家看来，语义信息是通信与AI融合的关键，借助语义信息，通信融合AI将实现“最后一公里”的目标，推动无线AI、具身智能等应用的成熟与普及。 王江舟说，信息技术的发展迫切需要一个语义信息的成熟理论。张平团队提出的语义信息论成为经典信息论的自然延伸，后者可以作为特例纳入前者。它将极大促进通信和人工智能技术的快速进步。 中国科学院院士、通信网络专家尹浩认为，张平团队在通信原理理论、工程化实践方面取得重大进展，其原创性值得肯定。 在张平本人看来，这次在信息理论研究方面的原创性突破，有助于推动中国产业在国际的竞争力。“我们国家的产业发展呈倒三角形，即应用很好，设备也不错，但越到底层，我们的器件、操作系统越来越弱，特别是到了基础理论层面大都是人家的。今天我们提出了这么一个基础理论，希望让这种竞争不是一个倒三角形，而是一个正方形，我们跟别人是站在同一起跑线。” “无线通信的重大创新必须从基础理论上突破”，早在十多年前的3G时代，张平在接受媒体采访时就做出了这样的断定。 随着语义信息理论的提出并受到国内外关注，张平通过多年不懈奋斗，让自己的断言成为现实，为突破经典理论极限重大科学问题做出了贡献，也揭开了新一轮信息技术革命的面纱。,"2024-07-18 08:52:18
   "
专访丨窦德景：让国产芯片用起来、跑起来,说起算力、数据可信、模型架构等专业术语，对于多数外行人而言，可能会感到既晦涩难懂，又仿佛这些概念高不可攀，难以捉摸。然而，在近日召开的北电数智“前进·AI异构计算平台”发布会上，记者采访到了发布环节的主讲人——人工智能领域的著名专家窦德景，作为北电数智首席科学家的他，分享了自己对“数据安全可控”与“国产芯片自主创新”的独特诠释。 计算机科学家、名校教授、顶级咨询公司合伙人......尽管身份众多，但在一问一答间，记者却深深感受到了一位研究和教育工作者的热忱。整个访谈过程中，窦德景以其深入浅出的讲解，让复杂的技术问题变得通俗易懂，久违的课堂感，让记者对人工智能的复杂概念和技术细节有了更深刻的理解。  北电数智首席科学家窦徳景  基座大模型疯卷模型参数，AI是一本经济账 由于行程较紧，初见窦德景，便被“划重点”似的推荐了关于人工智能领域的权威文献及新闻报道，然后窦德景从AI技术在相关行业场景应用如何落地展开讲解，并着重强调了AI经济账的重要性，尽管科研投入的直接经济效应难以量化，但其成本和产出的关系相对容易计算。相比之下，行业应用中的AI经济账则更为复杂。 他举例解释说，“在蛋白结构预测领域，传统方法如冷冻电镜鉴定的成本高达上亿。如果使用AI技术能够以更低的成本获得比较准确的结果，那么AI就展现出了其明显的优势。” “现在问题是在全球范围内，不管哪个行业用了AI，投入了大模型，最后企业能否营收划算，这还是很困难的问题。”他认为在没有出现杀手级应用的情况下，如何确定投入与产出的关系，这是一个需要深入研究的问题。因此，尽管AI技术在科研领域取得了显著进展，但在实际应用中，如何量化其投资回报率（ROI）仍是一个挑战。 同时，在全球范围内，AI技术的发展正推动着算力资源的争夺。基座大模型的竞争不仅是模型参数的卷积，更是对底层异构技术的需求。 对此，窦德景提出了一个引人深思的推测：尽管人脑拥有约100万亿参数（注：神经元连接的数目），但实际使用中可能仅涉及其中不到十分之一，因此，10万亿参数可能是AI模型发展的一个关键节点。“以后就是这样的发展趋势，我觉得10万亿会是一个门坎。”他进一步解释说，一旦达到这个量级，模型的优化将不再依赖于参数规模的增加，而是转向其他方面的改进。 因此，为承接万亿参数的模型，未来推动万卡集群的建立也是势在必行。而在当下一超（英伟达）和多强的算力环境里，如何有效利用现有多元算力资源，提升AI产业的核心竞争力的同时，降低企业使用AI算力的门槛并助力AI产业发展，也是从国家到社会，再到北电数智这样一家人工智能原生的国有企业在思考、在投入的事。 让国产芯片从实验室走向现实应用 谈及国产芯片的发展，窦德景坦言：“我们北电数智的一个任务就是让不同的国产芯片一起跑起来，现在已经初见成效。” 芯片发展关系到数据安全。因此，发展多种适配技术，可以更高效地利用国产芯片处理不同类型的数据，同时确保数据的安全性和模型的性能。 在向记者解释“混元适配”概念时，窦德景认为这个概念有一个很重要的方向，也是当前企业的重要任务，“通过集成各种芯片以提供综合算力，并在云平台上运行多样化的大模型，包括基础模型和特定行业的定制模型，其中不同的芯片将根据其在图像处理、视频生成、文本处理和语音识别等不同领域的专长发挥各自的优势。” 相较于市面上眼花缭乱的芯片参数，在现实环境中应用芯片到大模型训练和推理至关重要。这不仅需要依赖芯片厂商在测试环境中提供的报告，更要在实际的政务、医疗、文化等大模型中进行实际测试，利用真实数据来验证性能。 从“谁来用”到“怎样用”，通过举例论证，窦德景一一作出解答。“每个芯片厂商都会说自己的芯片不错，北电数智作为一个有国资背景的企业，没有跟任何芯片厂商做绑定，是可以提供较为公正、客观的评测意见。”窦德景指出，在高性能计算领域往往需要多卡并行，然而由于卡与卡之间需要互联，这可能会导致芯片的实际性能低于单卡原本性能。他还表示，“我们通过对芯片进行实际场景深入评测，获得芯片实际运行结果，并形成对厂商具有指导意义的评测报告。这不仅需要国家的大力支持，也需要在实践中不断验证和优化，以确保实验室的理论成果能够在现实世界中发挥应有的作用。” 让国产芯片实现从“可用”到“好用”的转变，是无数以窦德景为代表的人工智能领域专家学者，对国产芯片跨越式发展和确保数据安全可控的坚定信念与殷切期望。也正是他们从实际应用场景出发，真实准确地评估，助力国产芯片优化，提高其竞争力。 临近采访尾声，谈及与北电数智携手同行，他期待可以共同研发更多能够快速落地的技术产品，通过加速芯片混用、降低智算成本，从而推动国产芯片的繁荣。“虽然国产芯片在技术成熟度和市场应用方面与国际先进水平还存在一定差距，但通过不断的技术创新和产业生态建设，完全有信心实现国产芯片的突破和发展。”窦德景说。（文/朱家齐）  窦德景讲解大模型训练幻觉问题： 在短暂的采访中，窦德景也特地针对大模型及行业发展所面临的挑战“着墨良多”。 作为新时代的基建，乃至国家间科技、经济竞争的焦点。大模型的训练依赖于大量的数据。可如果这些数据中存在错误信息或带有偏见，模型在学习过程中就会吸收这些缺陷，导致在生成文本时产生模型幻觉。 “幻觉问题通常发生在模型试图生成与事实或者历史相关的答案时。例如，当问到‘姚明是否获得过奥运奖牌’时，模型可能会基于姚明在篮球领域成就相当的人和奥运奖牌的关联性，错误地生成肯定的答案。而即使存在明确的历史事实和正确答案，模型也可能因为生成算法的特性而给出错误信息。”窦德景说。 不同于发布会现场直播时的郑重其事，访谈中的窦德景，在解释较为复杂的概念问题时，往往简明扼要却又通俗易懂。记者又以自身实例表示，在利用模型搜索自己的作品，并通过替换同事姓名搜索各自作品的时候，发现生成的结果却出奇地一致。 对此，窦德景解释，当提到相关媒体时，模型可能会自动联想到最有名的记者，这是一种联想偏差或自注意力偏差。窦德景进一步解释说，“在我看来，现在幻觉问题基本上已经解决了，幻觉问题怎么产生的？你本来问一些事实和历史问题，如果让它生成，这本身方向就是不对的。生成式AI给你的答案是概率最大，或者说最应该发生的答案，比如，和姚明一样的篮球运动员很多都得过奥运奖牌。模型可能会更关注篮球运动员和奥运奖牌的关系，从而忽略姚明，进而给出姚明得过奥运金牌的答案。这种错误我们叫模型幻觉。模型幻觉产生的原因是因为模型的关注度出现了偏差，将重点错误的附着在了非重要的词段上所导致的。 “北电数智目前在北京市某委办局政务大模型上就很好的规避了这个问题。在技术层面，通过基于注意力区域合理性分析的幻觉监测技术，能够校验模型是否产生了幻觉，并通过对区域关注度的调整，降低了模型产生幻觉的概率。同时还通过创建一个安全可控推理链，实现对政务敏感词的筛选和屏蔽，确保模型互动过程中能够降低或者杜绝错误信息，提升模型问答安全合规的同时降低了模型幻觉。这对大模型在政务场景下的应用是非常有意义的。”,"2024-07-15 17:10:00
   "
数字潮流里挖潜能（评论员观察）——生活细节里的中国经济,数字技术推动消费场景创新、消费环境向好，破解了制约消费的堵点痛点问题，为提振消费、扩大内需提供了有力支撑 数字技术的魅力，不仅在于融合万物、无远弗届的穿透能力，还在于打破隔阂和限制的赋能能力 今年春节，有一个感受格外突出：过年出行、购物更轻松了。 往来的旅途不再大包小包，提前网上下单，给家人的新年礼物直接快递到家；购新年衣服，选择多样了，可去商场试，也可“云试衣”，随心所欲；出门开车原本担心停车难，打开导航APP发现可以提前显示目的地附近空余停车位信息……数字消费成潮流，更多选择、更新体验让春节假期新意不断、便利十足。 透过春节消费这个窗口，我们可以发现，数字技术已经深度融入生产生活的方方面面，拓展着生活的边界，也给经济社会发展注入强劲动能。数字消费的新潮流，源自企业的数字化改造和转型。数字技术创造高质量供给、引领带动新需求，不仅为企业发展打开新空间，也为消费者提供新选择，不断激活国内经济大循环的动力和潜能。 深厚潜能，来自持续创新的产品服务。通过数字互动长卷体验堆雪人，AR冰箱贴让游客可以把美丽冰雕“捧在手中”，哈尔滨冰雪大世界玩法再上新，热度不减；人脸识别的门锁、“指哪扫哪”的扫地机器人、根据屋内环境变化自动调节运行模式的空调，智能家居以突出的便利性赢得越来越多青睐；远程控制、自动泊车、语音助手等功能改善驾乘体验，成为人们选购新车时的重要参考因素……融合了数字技术，产品卖点十足，有效激发居民消费热情。 深厚潜能，来自持续优化的消费环境。数字技术被广泛应用在消费的各个环节，推动线上与线下、业态与场景融合发展，让消费者不仅买得轻松，而且买得舒心、买得安全。扫描二维码免掉了携带现金的烦恼，如今连来华旅游的外国游客都学会了刷脸支付、刷掌支付，支付更方便了。农产品的种植过程、采摘时间地点，水产品的渔船信息、捕捞时间地点，都可以通过扫描“溯源码”获取，消费更安心了。数字技术推动消费场景创新、消费环境向好，破解了制约消费的堵点痛点问题，为提振消费、扩大内需提供了有力支撑。 深厚潜能，来自不断拓展的消费群体。不仅年轻一代成为数字消费主力，其他群体同样有消费意愿和消费能力，蕴含着巨大的消费潜力。比如，农村居民过去受制于商业基础设施水平，赶大集是主要消费方式；如今村村通宽带、快递进农村，农村居民随时随地拿出手机就能“买全国、卖全国”。又如，看直播、拍短视频、上网课，老年人畅游互联网，“互联网冲浪”让“银发经济”有了更广阔前景。 “日用而不觉”的便利，靠的是研发端的不懈更新，靠的是应用端的推陈出新。“云试衣”依托的是AR技术，轻松停车得益于停车场数据互联互通，无人机阵形有序调整离不开算力的支撑。好技术不能放在实验室里“睡大觉”，强化技术迭代创新和推广应用，才能最大化发挥科技第一生产力的作用。特别是在多个行业或领域广泛应用共性数字技术，更应统筹发挥“两只手”作用，让科技创新与产业创新相映生辉，为数字生活再添臂膀。 数字技术的魅力，不仅在于融合万物、无远弗届的穿透能力，还在于打破隔阂和限制的赋能能力。过去因年龄、地域、城乡等因素而产生的鸿沟，如今都在逐渐消散，各类消费群体几乎都能获得畅享数字技术红利的机会和渠道。不久前，《国家数据基础设施建设指引》印发，开启新一轮以数据为中心的数字基础设施布局。健全完善提供数据采集、流通、利用、安全服务的新型基础设施，数字消费必能潮流浩荡、惠及更多人群。 数字技术助力美好生活，过去不敢想象，而今触手可及。用好数字赋能，在新供给、优环境、扩渠道上下更大功夫，定能充分激发消费意愿，化潜力为动力，变机遇为现实，把优势变胜势。（尹双红）,"2025-02-06 08:13:41
   "
年轻人为何青睐“数字资产”, “数字资产”越王宝剑  三星堆数字艺术头像 随着2025年的到来，人们开始回顾过去的一年里各种大类资产的表现。在传统的大类资产中，股票和基金曾是年轻人讨论最多的投资对象，但自2024年起，一股“数字资产”投资热潮在年轻人中悄然兴起。“数字资产”一般是指以数字形式存在的艺术品、收藏品或珍品，通过区块链技术确保其唯一性、不可变性和所有权。与传统的实物资产相比，拥有“数字资产”无需繁琐的物流和仓储环节。年轻人为何青睐“数字资产”？“数字资产”能否像房子、股票、基金、黄金那样成为大类资产的一种？作为新兴事物“数字资产”具有哪些亮点？ 数字艺术展上的年轻人 从去年底到今年1月10日，国内最大的“数字资产”平台——鲸探在上海举办了一场数字艺术展。走进展区，从深海中跃起的巨鲸吸引观众“摸鱼”打卡，摇滚味十足的三星堆青铜人乐队、色彩鲜亮的敦煌飞天、来自斯芬克斯星系的猫……这些数字藏品因每一款拥有特殊区块链编码，独一无二、不可篡改的特点，受到年轻收藏爱好者追捧。一位来自复旦大学的大三学生“Lavis”表示，他原来是线下潮玩的爱好者，现在家里堆满了实物收藏品，都快迈不开脚了。自从接触了鲸探“数字资产”平台，感觉像发现了一片新大陆，在手机里就能随时欣赏收藏的宝贝，交易交换的途径也比实物要便捷很多。“原来打算毕业论文写泡泡玛特，现在觉得‘数字资产’这个选题更有挑战。” 在“文化”主题展览中，中国美术学院国潮艺术研究院打造的“大鲸博物馆”系列，将古代建筑家具、中华老字号品牌、国宝大熊猫等元素做了年轻化设计，用户可以用藏品打造自己的数字博物馆，并开放给其他用户参观、获得收益。谈到推广国潮的意义，中国美术学院国潮艺术研究院院长倪镔教授表示，“对于年轻人来说，我们主要为了传播正向的中国传统文化；对于年长的人来说，他们难以理解谷子、二次元，我们在其中加入国潮元素，他们一下子喜欢上了，促进了传统文化的现代化传承，为更广泛的人群树立民族自信和文化自信。” 潮玩IP《达文奇的蛋》主理人Bonan同样嗅到了年轻人对国潮风的喜爱，他们与鲸探平台的另一个合作方敦煌美术研究院合作，联名开发了WEE崽-敦煌飞天崽藏品，潮玩与文博的结合，激活了两类粉丝群体的热爱，一万份藏品秒售罄。 数字徽章留下的“在场证据” 在“数字资产”的诸多类型当中，POAP纪念徽章是年轻人最喜欢的一个类型。有点类似于“谷子经济”中最火热的“吧唧”（即badge徽章）。POAP是“Proof-Of-Attendance Protocol（出席证明协议）”的缩写，用于记录和纪念特定事件的发生。POAP可作为一种易于验证的证据，记录在区块链上证明用户在事件或者活动发生时在场。事件和活动可以在物理世界或虚拟世界中。 有些人在看完电影、演唱会后会收集门票，证明自己是忠实的粉丝或者证明自己到场亲自参与了某件事情，POAP徽章则是在线上证明你参加过某项活动的记录。来自北京的数字收藏家赵燕表示，她是“吧唧”和POAP的双重爱好者，现在更重视POAP，可以通过在网上展示自己的POAP收藏来纪念或者炫耀独特的经历，“在繁忙的都市生活中留下在场的证据。” 去年7月22日，爱奇艺王牌音乐综艺节目《中国说唱巅峰对决》联手ARCC平台重磅推出限量版数字徽章POAP，受到年轻人的追捧与喜爱。爱奇艺发行的12款POAP徽章通过ARCC数字徽章平台铸造，分别对应《中国说唱巅峰对决》的12期节目，观众需要在观看节目时寻找隐藏彩蛋，从而收集碎片，合成当期POAP徽章。对于出品方而言，POAP可以通过设计独特的徽章和任务，激励用户更积极地参与各种活动和事件。在世界互联网大会乌镇峰会10周年大会上，市民可以通过在西栅景区、博览中心展览中心、乌镇世界互联网科技馆等打卡获得数字徽章。 POAP徽章给年轻人提供了一种独特的身份象征和社交认可的方式。研讨会、演唱会、直播、在线课程等，用户参加活动后，都可以获得POAP徽章。鲸探总经理在接受北京青年报记者采访时表示，他希望未来有一亿用户日常收藏的物品，都以数字形态在鲸探管理和应用，未来用户的“人生大小事”都以数字徽章（POAP）的形式保存在鲸探，用户旅行到天南海北都可以打开鲸探打卡，获得一张在地专属的数字明信片。 数字盲盒的诱惑 北青报记者注意到，许多“数字资产”的发行采取了年轻人喜闻乐见的盲盒的形式。谷子经济里的套路也被搬到了“数字资产”领域。一些“数字资产”发行方通过对盲盒中的稀有款设置极低的概率，比如，0.1%来吸引用户大量开盲盒。在“数字资产”的二手交易市场上，数字卡牌的稀有款和普通款的价格差距甚大。比如，鲸探平台发行的数字卡牌，普通款的价值可能就只有几毛钱，但是稀有的UR级的二手价格高达上千元。由于稀有款的极低概率，一些用户投入数千元也开不出稀有款。不过，数字盲盒对于年轻人来说具有超强的吸引力，近期鲸探平台发行的一款吾皇猫——奇思喵想博物馆系列手粗昂卡，50万张数字卡牌在一个小时内就售罄了。一名用户在微信社群中表示：“这个概率很低，我也知道大概率会亏钱，但由于一方面自己喜欢这个IP，另一方面也是难以抵御开盲盒的这种诱惑。越开越多，管不住手。一次就花了5000多元。” 出生于2002年、来自浙江台州的大四学生周群（化名）在他的同学中是个另类，当他的同学们热衷于逛商场、网购消费的时候，他把父母给的零花钱大部分用于购买“数字资产”。最先是从社交媒体开始了解到这个行业，“后来一次偶然的机会，接触到鲸探，发现里面有许多博物馆授权发行的数字藏品建模非常精美，我大学的专业也跟艺术品设计和建模相关，这些国宝级的文物类‘数字资产’售价只有几十块钱。”从2022年底至今，周群在鲸探持续购买“数字资产”。随着这一轮“数字资产”小牛市的到来，周群持有的“数字资产”市值也水涨船高，很多藏品的二级市场价格已经翻了数倍。不过，周群目前并不打算抛售这些“数字资产”，“我打算以10年为周期拥有这些‘数字资产’，看好这个行业的发展。”周群虽然在同学中是个另类，但是他的父母却非常支持他。“我专门和他们探讨过这个行业，他们非常信任和支持我。还经常帮我抢首发藏品。” ·投资· 资产配置转向“数字资产” 北青报记者注意到，一些在传统书画领域的投资者也开始纷纷涉足“数字资产”领域。今年年初，专注于传统字画交易经验分享的80后网红“乐校长”发布了一条“乐校长布局数字藏品”的短视频。在视频中，他直言传统字画市场非常低迷，当下急需数字化转型，因而决定布局“数字资产”领域，并计划先行投入100万元作为试水资金。来自浙江绍兴，具有多年古钱币、纸币、邮票收藏经验的收藏家俞吉伟表示，数字收藏对于他来说像是发现了一片新大陆，以他在收藏界数十年的经验来看，数字收藏非常有前景。据介绍，他从2022年初开始关注数字藏品，个人“数字资产”的持有总量已经超过35万件，投入资金已经超过1000万元，目前还在持续加仓。 作为浙江易金集团的董事长，俞吉伟还在公司专门设立“数藏运营部”，对其千万级的“数字资产”投资项目进行统筹管理。有一家新三板上市公司负责人也表示，近期将设立“数字资产运营部”，加大对新型“数字资产”领域的布局。鲸探“数字资产”还吸引了部分私募基金负责人的注意，已经有多名私募人士对鲸探“数字资产”展开了市场调研。深圳一名“80后”私募基金经理对北青报记者表示，随着越来越多的年轻人开始接受“数字资产”，正在考虑成立一只以“数字资产”为投资标的的私募基金。 去年9月22日，由圈内用户自发编制的“鲸探50指数”藏品在场外交易平台的总市值为1.2985亿元。截至2025年1月31日，“鲸探50指数”藏品总市值接近5亿元，涨幅高达280%。一些百万级资金已经把“数字资产”作为除房产、股票、基金、黄金之外的新型资产配置类型。 今年除夕，一位“00后”在“数字资产”交流社群中吐槽，他大学毕业以后就开始研究投资理财。刚开始是买基金，后来是股票，折腾几年后发现这两个领域市场都已经很成熟，机构掌握了定价权。“我们散户每天都面对武装到牙齿的量化机构，赚钱非常难，几万块钱扔进去仿佛是一滴雨进了汪洋大海。但‘数字资产’是一块未被开发的处女地，我常常跟朋友们说，现在搞‘数字资产’，有点儿像上个世纪90年代买股票，充满着未知，也充满了挑战和希望。” ·市场· 数据交易所开设“数字资产”板块 北青报记者注意到，广发证券曾经在一份研报中表示，我国“数字资产”市场开始从行业协同自治层面搭建规范性流通环境，形成与海外NFT行业生态差异化的发展路径，预期未来，我国将形成“数字资产”市场的规范性流通环境，持续开发创新性数字藏品放大文化数字内容的营销价值和版权价值，打开我国“数字资产”行业发展的广阔蓝图。 去年以来，各地数据交易所纷纷设立“数字资产”交易板块。上海数据交易所的“数字资产”板块成为“数字资产”交易领域的一匹黑马，其发行的首款“数字资产”“龙耀追光，一‘订’光明”、“北京CBD国际集团——全国首批数据资产入表纪念”“数字资产”纪念奖章等受到市场热捧，上海数据交易所近期还发行了农业领域首个RWA项目——“马陆葡萄RWA”项目，并完成1000万元股权融资。浙江文化产权交易所也展开了“数字资产”交易业务。浙江文交所表示，将在杭州国家版本馆IP成功转化案例的基础上，探索文化“数字资产”赋能实体经济的应用流通场景。 2022年以来，以工商银行为代表的13家银行也相继官宣入局数字藏品赛道。用户打开工商银行App，其最新发行的一款“数字资产”是《看见非遗·紫砂壶》，其发行总量为20万份，用户可免费领取。其发行的“数字资产”以非物质文化遗产项目、博物馆文创以及数字纪念徽章为主。其中，工行在手机银行App中开设数字藏品馆，与存款、转账汇款等并列于主菜单内，对数字藏品业务显然比较重视。 一位银行人士对北青报记者表示，作为数字支付方面的前沿领域，银行布局相关的“数字资产/数字藏品”业务也是给未来区块链元宇宙的进一步发展以及发展数字支付业务做技术方面的储备。年轻人对“数字资产”的热衷也是银行布局的一种重要因素。 过去一年里，中国企业涉足“数字资产”的另一个重要类型是RWA。RWA即真实世界资产通证化，是指将实物资产所有权以数字形式（Token）在区块链上进行交易的一种形式，类似于数字世界的“IPO”。去年9月份，中国最大民营电力企业协鑫集团旗下绿色能源服务商协鑫能科与蚂蚁数科合作完成了中国光伏领域首单实体资产RWA。据了解，这是朗新集团以其平台上运营的新能源充电桩资产为RWA锚定资产，在香港成功获得首笔2亿元的跨境融资。蚂蚁数科CEO赵闻飙表示，RWA模式就像一次小型IPO，能够让更多中小企业都可以通过区块链网络连接全球资金。 ·提示· 警惕数字骗局 作为投资领域的新事物，“数字资产”目前还处于初步发展阶段，其市场价值具有不稳定、波动性大的特点，追涨杀跌特别容易亏损。另外，由于国家相关的政策尚不明朗，目前“数字资产”大都缺乏一个良好的交易环境。投资者想要了解“数字资产”，首先要选择正规平台，比如，像蚂蚁集团旗下的鲸探平台、上海数据交易所这样的具有大厂或者国资背景的平台；其次也要警惕一些不法分子利用市民对新鲜事物的好奇，打着“数字资产”名义行诈骗之实。 合肥市公安局曾经打掉一个打着发行、交易“数字资产”幌子的诈骗团伙，其谎称所发行的“数字资产系大师名作”，实际上都是来自一些普通画手的作品，以及直接从互联网上截图拷贝的图片，没有任何收藏价值和实际价值，也无法适用于任何场景。（记者 朱开云）,"2025-02-05 08:11:38
   "
